Code,Site,Trap,Position,Distance,Quality,Sky
BN2L1_August_22,BN2,1,C,0,0,
BN2L10_August_22,BN2,10,C,0,0,
BN2L10A_March_22,BN2,10,C,0,0,
BN2L11_August_22,BN2,11,C,0,0,
BN2L11A_March_22,BN2,11,C,0,0,
BN2L12_August_22,BN2,12,C,0,0,
BN2L12A_March_22,BN2,12,C,0,0,
BN2L13_August_22,BN2,13,C,0,1,
BN2L13A_March_22,BN2,13,C,0,0,
BN2L1A_March_22,BN2,1,C,0,0,
BN2L2_August_22,BN2,2,C,0,0,
BN2L2A_March_22,BN2,2,C,0,0,
BN2L3_August_22,BN2,3,C,0,0,
BN2L3A_March_22,BN2,3,C,0,0,
BN2L4_August_22,BN2,4,C,0,0,
BN2L4A_March_22,BN2,4,C,0,0,
BN2L5_August_22,BN2,5,C,0,0,
BN2L5A_March_22,BN2,5,C,0,0,
BN2L6_August_22,BN2,6,C,0,0,
BN2L6A_March_22,BN2,6,C,0,0,
BN2L7_August_22,BN2,7,C,0,0,
BN2L7A_March_22,BN2,7,C,0,1,
BN2L8_August_22,BN2,8,C,0,0,
BN2L8A_March_22,BN2,8,C,0,0,
BN2L9_August_22,BN2,9,C,0,0,
BN2L9A_March_22,BN2,9,C,0,0,
CSL1_August_22,CS,1,C,0,0,
CSL10_August_22,CS,10,C,0,0,
CSL10A_March_22,CS,10,C,0,0,
CSL11_August_22,CS,11,C,0,0,
CSL11A_March_22,CS,11,C,0,0,
CSL1A_March_22,CS,1,C,0,0,
CSL2_August_22,CS,2,C,0,0,
CSL2A_March_22,CS,2,C,0,0,
CSL3_August_22,CS,3,C,0,0,
CSL3A_March_22,CS,3,C,0,0,
CSL4_August_22,CS,4,C,0,0,
CSL4A_March_22,CS,4,C,0,0,
CSL5_August_22,CS,5,C,0,0,
CSL6_August_22,CS,6,C,0,0,
CSL6A_March_22,CS,6,C,0,0,
CSL7_August_22,CS,8,C,0,0,
CSL7A_March_22,CS,7,C,0,0,
CSL8_August_22,CS,9,C,0,0,
CSL9_August_22,CS,1,C,0,0,
CSL9A_March_22,CS,9,C,0,0,
CWL1_August_22,CW,2,C,0,0,
CWL2_August_22,CW,3,C,0,1,
CWL3_August_22,CW,1,C,0,0,
DCL1_August_22,DC,2,C,0,0,
DCL1A_March_22,DC,1,C,0,0,
DCL2_August_22,DC,2,C,0,0,
DCL2A_March_22,DC,2,C,0,1,
DCL3_August_22,DC,3,C,0,0,
DCL3A_March_22,DC,3,C,0,0,
DCL4_August_22,DC,4,C,0,0,
DCL5_August_22,DC,5,C,0,0,
DCL5A_March_22,DC,5,C,0,0,
DCL6_August_22,DC,6,C,0,0,
DCL7_August_22,DC,7,C,0,0,
DCL8_August_22,DC,8,C,0,1,
DCL9_August_22,DC,9,C,0,1,
DRL1_August_22,DR,1,C,0,,
DRL10_August_22,DR,10,C,0,,
DRL10A 11-12-21,DR,10,C,0,1,
DRL10A_March_22,DR,10,C,0,,
DRL11_August_22,DR,11,C,0,,
DRL11A 11-12-21,DR,11,C,0,,
DRL11A_March_22,DR,11,C,0,,
DRL12_August_22,DR,12,C,0,,
DRL12A 11-12-21,DR,12,C,0,,
DRL12A_March_22,DR,12,C,0,,
DRL13_August_22,DR,13,C,0,,
DRL13A 11-12-21,DR,13,C,0,,
DRL13A_March_22,DR,13,C,0,,
DRL14_August_22,DR,14,C,0,,
DRL14A 11-12-21,DR,13,C,0,,
DRL14A_March_22,DR,14,C,0,,
DRL15_August_22,DR,15,C,0,,
DRL15A 11-12-21,DR,14,C,0,,
DRL15A_March_22,DR,15,C,0,,
DRL1A 11-12-21,DR,15,C,0,,
DRL1A_March_22,DR,1,C,0,,
DRL2_August_22,DR,2,C,0,,
DRL2A 11-12-21,DR,1,C,0,,
DRL2A_March_22,DR,2,C,0,,
DRL3 (2)_August_22,DR,2,C,0,,
DRL3_August_22,DR,3,C,0,,
DRL3A 11-12-21,DR,3,C,0,,
DRL3A_March_22,DR,3,C,0,,
DRL4_August_22,DR,4,C,0,,
DRL4A 11-12-21,DR,4,C,0,,
DRL4A_March_22,DR,4,C,0,,
DRL5_August_22,DR,5,C,0,,
DRL5A 11-12-21,DR,5,C,0,,
DRL6_August_22,DR,6,C,0,,
DRL6A 11-12-21,DR,6,C,0,,
DRL6A_March_22,DR,6,C,0,,
DRL7_August_22,DR,7,C,0,,
DRL7A 11-12-21,DR,7,C,0,,
DRL7A_March_22,DR,7,C,0,,
DRL8_August_22,DR,8,C,0,,
DRL8A 11-12-21,DR,8,C,0,,
DRL8A_March_22,DR,8,C,0,,
DRL9_August_22,DR,9,C,0,,
DRL9A 11-12-21,DR,9,C,0,,
DRL9A_March_22,DR,9,C,0,,
DSC04546,DR,12,C,0,0,clear
DSC04547,DR,12,N,2.5,0,clear
DSC04548,DR,12,N,5,0,clear
DSC04549,DR,12,E,2.5,0,clear
DSC04550,DR,12,E,5,0,clear
DSC04551,DR,12,S,2.5,0,clear
DSC04552,DR,12,S,5,0,clear
DSC04553,DR,12,W,2.5,1,clear
DSC04554,DR,12,W,5,0,clear
DSC04566,DR,13,C,0,0,clear
DSC04567,DR,13,N,2.5,0,clear
DSC04568,DR,13,N,5,0,clear
DSC04569,DR,13,E,2.5,0,clear
DSC04570,DR,13,E,5,0,clear
DSC04571,DR,13,S,2.5,0,clear
DSC04572,DR,13,S,5,0,clear
DSC04573,DR,13,W,2.5,0,clear
DSC04574,DR,13,W,5,0,clear
DSC04575,blank,blank,blank,blank,0,clear
DSC04576,DR,14,C,0,0,clear
DSC04577,DR,14,N,2.5,1,clear
DSC04578,DR,14,N,5,0,clear
DSC04579,DR,14,E,2.5,0,clear
DSC04580,DR,14,E,5,0,clear
DSC04581,DR,14,S,2.5,0,clear
DSC04582,DR,14,S,5,0,clear
DSC04583,DR,14,W,2.5,0,clear
DSC04584,DR,14,W,5,0,clear
DSC04585,blank,blank,blank,blank,0,clear
DSC04586,DR,15,C,0,0,clear
DSC04587,DR,15,N,2.5,0,clear
DSC04588,DR,15,N,5,0,clear
DSC04589,DR,15,E,2.5,0,clear
DSC04590,DR,15,E,5,0,clear
DSC04591,DR,15,S,2.5,0,clear
DSC04592,DR,15,S,5,0,clear
DSC04593,DR,15,W,2.5,0,clear
DSC04594,DR,15,W,5,0,clear
DSC04595,blank,blank,blank,blank,0,clear
DSC04596,DR,11,C,0,0,clear
DSC04597,DR,11,N,2.5,0,clear
DSC04598,DR,11,N,5,0,clear
DSC04599,DR,11,E,2.5,0,clear
DSC04600,DR,11,E,5,0,clear
DSC04601,DR,11,S,2.5,0,clear
DSC04602,DR,11,S,5,0,clear
DSC04603,DR,11,W,2.5,0,clear
DSC04604,DR,11,W,5,1,clear
DSC04605,blank,blank,blank,blank,0,clear
DSC04606,DR,10,C,0,0,clear
DSC04607,DR,10,N,2.5,0,clear
DSC04608,DR,10,N,5,1,clear
DSC04609,DR,10,E,2.5,0,clear
DSC04610,DR,10,E,5,0,clear
DSC04611,DR,10,S,2.5,0,clear
DSC04612,DR,10,S,5,0,clear
DSC04613,DR,10,W,2.5,0,clear
DSC04614,DR,10,W,5,0,clear
DSC04615,blank,blank,blank,blank,0,clear
DSC04616,DR,9,C,0,0,clear
DSC04617,DR,9,N,2.5,1,clear
DSC04618,DR,9,N,5,1,clear
DSC04619,DR,9,E,2.5,1,clear
DSC04620,DR,9,E,5,,clear
DSC04621,DR,9,S,2.5,,clear
DSC04622,DR,9,S,5,,clear
DSC04623,DR,9,W,2.5,,clear
DSC04624,DR,9,W,5,,clear
DSC04625,blank,blank,blank,blank,,clear
DSC04626,DR,1,C,0,,clear
DSC04627,DR,1,N,2.5,,clear
DSC04628,DR,1,N,5,,clear
DSC04629,DR,1,E,2.5,,clear
DSC04630,DR,1,E,5,,clear
DSC04631,DR,1,S,2.5,,clear
DSC04632,DR,1,S,5,,clear
DSC04633,DR,1,W,2.5,,clear
DSC04634,DR,1,W,5,,clear
DSC04635,blank,blank,blank,blank,,clear
DSC04636,DR,2,C,0,,clear
DSC04637,DR,2,N,2.5,,clear
DSC04638,DR,2,N,5,,clear
DSC04639,DR,2,E,2.5,,clear
DSC04640,DR,2,E,5,,clear
DSC04641,DR,2,S,2.5,,clear
DSC04642,DR,2,S,5,,clear
DSC04643,DR,2,W,2.5,,clear
DSC04644,DR,2,W,5,,clear
DSC04645,DR,3,C,0,,clear
DSC04646,blank,blank,blank,blank,,clear
DSC04647,DR,3,N,2.5,,clear
DSC04648,DR,3,N,5,,clear
DSC04649,DR,3,E,2.5,,clear
DSC04650,DR,3,E,5,,clear
DSC04651,DR,3,S,2.5,,clear
DSC04652,DR,3,S,5,,clear
DSC04653,DR,3,W,2.5,,clear
DSC04654,DR,3,W,5,,clear
DSC04655,blank,blank,blank,blank,,clear
DSC04656,DR,5,C,0,,clear
DSC04657,DR,5,N,2.5,,clear
DSC04658,DR,5,N,5,,clear
DSC04659,DR,5,E,2.5,,clear
DSC04660,DR,5,E,5,,clear
DSC04661,DR,5,S,2.5,,clear
DSC04662,DR,5,S,5,,clear
DSC04663,DR,5,W,2.5,,clear
DSC04664,DR,5,W,5,,clear
DSC04665,blank,blank,blank,blank,,clear
DSC04666,DR,4,C,0,,clear
DSC04667,DR,4,N,2.5,,clear
DSC04668,DR,4,N,5,,clear
DSC04669,DR,4,E,2.5,,clear
DSC04670,DR,4,E,5,,clear
DSC04671,DR,4,S,2.5,,clear
DSC04672,DR,4,S,5,,clear
DSC04673,DR,4,W,2.5,,clear
DSC04674,DR,4,W,5,,clear
DSC04675,blank,blank,blank,blank,,clear
DSC04676,DR,8,C,0,,clear
DSC04677,DR,8,N,2.5,,clear
DSC04678,DR,8,N,5,,clear
DSC04679,DR,8,E,2.5,,clear
DSC04680,DR,8,E,5,,clear
DSC04681,DR,8,S,2.5,,clear
DSC04682,DR,8,S,5,,clear
DSC04683,DR,8,W,2.5,,clear
DSC04684,DR,8,W,5,,clear
DSC04685,blank,blank,blank,blank,,clear
DSC04686,blank,blank,blank,blank,,clear
DSC04687,DR,7,C,0,,clear
DSC04688,DR,7,N,2.5,,clear
DSC04689,DR,7,N,5,,clear
DSC04690,DR,7,E,2.5,,clear
DSC04691,DR,7,E,5,,clear
DSC04692,DR,7,S,2.5,,clear
DSC04693,DR,7,S,5,,clear
DSC04694,DR,7,W,2.5,,clear
DSC04695,DR,7,W,5,,clear
DSC04696,blank,blank,blank,blank,,clear
DSC04697,DR,6,C,0,,clear
DSC04698,DR,6,N,2.5,,clear
DSC04699,DR,6,N,5,,clear
DSC04700,DR,6,E,2.5,,clear
DSC04701,DR,6,E,5,,clear
DSC04702,DR,6,S,2.5,,clear
DSC04703,DR,6,S,5,,clear
DSC04704,DR,6,W,2.5,,clear
DSC04705,DR,6,W,5,,clear
DSC04706,FRW,12,C,0,,clear
DSC04707,FRW,12,N,2.5,,clear
DSC04710,FRW,12,N,5,,clear
DSC04711,FRW,12,E,2.5,,clear
DSC04712,FRW,12,E,5,,clear
DSC04713,FRW,12,S,2.5,,clear
DSC04714,FRW,12,S,5,,clear
DSC04715,FRW,12,W,2.5,,clear
DSC04716,FRW,12,W,5,,clear
DSC04717,FRW,11,C,0,,clear
DSC04718,FRW,11,N,2.5,,clear
DSC04719,FRW,11,N,5,,clear
DSC04720,blank,blank,blank,blank,,clear
DSC04721,FRW,11,E,2.5,,clear
DSC04722,FRW,11,E,5,,clear
DSC04723,FRW,11,S,2.5,,clear
DSC04724,FRW,11,S,5,,clear
DSC04725,FRW,11,W,2.5,,clear
DSC04726,FRW,11,W,5,,clear
DSC04727,FRW,10,C,0,,clear
DSC04728,FRW,10,N,2.5,,clear
DSC04729,FRW,10,N,5,,clear
DSC04730,FRW,10,E,2.5,,clear
DSC04731,FRW,10,E,5,,clear
DSC04732,FRW,10,S,2.5,,clear
DSC04733,FRW,10,S,5,,clear
DSC04734,FRW,10,W,2.5,,clear
DSC04735,FRW,10,W,5,,clear
DSC04736,FRW,5,C,0,,clear
DSC04737,FRW,5,N,2.5,,clear
DSC04738,FRW,5,N,5,,clear
DSC04739,FRW,5,E,2.5,,clear
DSC04740,FRW,5,E,5,,clear
DSC04741,FRW,5,S,2.5,,clear
DSC04742,FRW,5,S,5,,clear
DSC04743,FRW,5,W,2.5,,clear
DSC04744,FRW,5,W,5,,clear
DSC04745,blank,blank,blank,blank,,clear
DSC04746,FRW,8,C,0,,clear
DSC04747,FRW,8,N,2.5,,clear
DSC04748,FRW,8,N,5,,clear
DSC04749,FRW,8,E,2.5,,clear
DSC04750,FRW,8,E,5,,clear
DSC04751,FRW,8,S,2.5,,clear
DSC04752,FRW,8,S,5,,clear
DSC04753,FRW,8,W,2.5,,clear
DSC04754,FRW,8,W,5,,clear
DSC04755,blank,blank,blank,blank,,clear
DSC04756,FRW,9,C,0,,clear
DSC04757,FRW,9,N,2.5,,clear
DSC04758,FRW,9,N,5,,clear
DSC04759,FRW,9,E,2.5,,clear
DSC04760,FRW,9,E,5,,clear
DSC04761,FRW,9,S,2.5,,clear
DSC04762,FRW,9,S,5,,clear
DSC04763,FRW,9,W,2.5,,clear
DSC04764,FRW,9,W,5,,clear
DSC04765,blank,blank,blank,blank,,clear
DSC04766,FRW,6,C,0,,clear
DSC04767,FRW,6,N,2.5,,clear
DSC04768,FRW,6,N,5,,clear
DSC04769,FRW,6,E,2.5,,clear
DSC04770,FRW,6,E,5,,clear
DSC04771,FRW,6,S,2.5,,clear
DSC04772,FRW,6,S,5,,clear
DSC04773,FRW,6,W,2.5,,clear
DSC04774,FRW,6,W,5,,clear
DSC04775,MCK2,3,C,0,,clear
DSC04776,MCK2,3,N,2.5,,clear
DSC04777,MCK2,3,N,5,,clear
DSC04778,MCK2,3,E,2.5,,clear
DSC04779,MCK2,3,E,5,,clear
DSC04780,MCK2,3,S,2.5,,clear
DSC04781,MCK2,3,S,5,,clear
DSC04782,MCK2,3,W,2.5,,clear
DSC04783,MCK2,3,W,5,,clear
DSC04784,blank,blank,blank,blank,,clear
DSC04785,MCK2,6,C,0,,clear
DSC04786,MCK2,6,N,2.5,,clear
DSC04787,MCK2,6,N,5,,clear
DSC04788,MCK2,6,E,2.5,,clear
DSC04789,MCK2,6,E,5,,clear
DSC04790,MCK2,6,S,2.5,,clear
DSC04791,MCK2,6,S,5,,clear
DSC04792,MCK2,6,W,2.5,,clear
DSC04793,MCK2,6,W,5,,clear
DSC04794,MCK2,5,C,0,,clear
DSC04795,blank,blank,blank,blank,,clear
DSC04796,MCK2,5,N,2.5,,clear
DSC04797,MCK2,5,N,5,,clear
DSC04798,MCK2,5,E,2.5,,clear
DSC04799,MCK2,5,E,5,,clear
DSC04800,MCK2,5,S,2.5,,clear
DSC04801,MCK2,5,S,5,,clear
DSC04802,MCK2,5,W,2.5,,clear
DSC04803,MCK2,5,W,5,,clear
DSC04804,blank,blank,blank,blank,,clear
DSC04805,MCK2,4,C,0,,clear
DSC04806,MCK2,4,N,2.5,,clear
DSC04807,MCK2,4,N,5,,clear
DSC04808,MCK2,4,E,2.5,,clear
DSC04809,MCK2,4,E,5,,clear
DSC04810,MCK2,4,S,2.5,,clear
DSC04811,MCK2,4,S,5,,clear
DSC04812,MCK2,4,W,2.5,,clear
DSC04813,MCK2,4,W,5,,clear
DSC04814,blank,blank,blank,blank,,clear
DSC04815,MCK2,1,C,0,,clear
DSC04816,MCK2,1,N,2.5,,clear
DSC04817,MCK2,1,N,5,,clear
DSC04818,MCK2,1,E,2.5,,clear
DSC04819,MCK2,1,E,5,,clear
DSC04820,MCK2,1,S,2.5,,clear
DSC04821,MCK2,1,S,5,,clear
DSC04822,blank,blank,blank,blank,,clear
DSC04823,MCK2,1,W,2.5,,clear
DSC04824,MCK2,1,W,5,,clear
DSC04825,blank,blank,blank,blank,,clear
DSC04826,blank,blank,blank,blank,,clear
DSC04827,MCK2,2,C,0,,clear
DSC04828,MCK2,2,N,2.5,,clear
DSC04829,MCK2,2,N,5,,clear
DSC04830,MCK2,2,E,2.5,,clear
DSC04831,MCK2,2,E,5,,clear
DSC04832,MCK2,2,S,2.5,,clear
DSC04833,MCK2,2,S,5,,clear
DSC04834,MCK2,2,W,2.5,,clear
DSC04835,MCK2,2,W,5,,clear
DSC04836,blank,blank,blank,blank,,clear
DSC04837,JD,1,C,0,,clear
DSC04838,JD,1,N,2.5,,clear
DSC04839,JD,1,N,5,,clear
DSC04840,JD,1,E,2.5,,clear
DSC04841,JD,1,E,5,,clear
DSC04842,JD,1,S,2.5,,clear
DSC04843,JD,1,S,5,,clear
DSC04844,JD,1,W,2.5,,clear
DSC04845,JD,1,W,5,,clear
DSC04846,blank,blank,blank,blank,,clear
DSC04847,JD,2,C,0,,clear
DSC04848,JD,2,N,2.5,,clear
DSC04849,JD,2,N,5,,clear
DSC04850,JD,2,E,2.5,,clear
DSC04851,JD,2,E,5,,clear
DSC04852,JD,2,S,2.5,,clear
DSC04853,JD,2,S,5,,clear
DSC04854,JD,2,W,2.5,,clear
DSC04855,JD,2,W,5,,clear
DSC04856,blank,blank,blank,blank,,clear
DSC04857,JD,3,C,0,,clear
DSC04858,JD,3,N,2.5,,clear
DSC04859,JD,3,N,5,,clear
DSC04860,JD,3,E,2.5,,clear
DSC04861,JD,3,E,5,,clear
DSC04862,JD,3,S,2.5,,clear
DSC04863,JD,3,S,5,,clear
DSC04864,JD,3,W,2.5,,clear
DSC04865,JD,3,W,5,,clear
DSC04866,blank,blank,blank,blank,,clear
DSC04867,JD,4,C,0,,clear
DSC04868,JD,4,N,2.5,,clear
DSC04869,JD,4,N,5,,clear
DSC04870,JD,4,E,2.5,,clear
DSC04871,JD,4,E,5,,clear
DSC04872,JD,4,S,2.5,,clear
DSC04873,JD,4,S,5,,clear
DSC04874,JD,4,W,2.5,,clear
DSC04875,JD,4,W,5,,clear
DSC04876,PMCU,1,C,0,,clear
DSC04877,blank,blank,blank,blank,,clear
DSC04878,PMCU,1,N,2.5,,clear
DSC04879,PMCU,1,N,5,,clear
DSC04880,PMCU,1,E,2.5,,clear
DSC04881,PMCU,1,E,5,,clear
DSC04882,PMCU,1,S,2.5,,clear
DSC04883,PMCU,1,S,5,,clear
DSC04884,PMCU,1,W,2.5,,clear
DSC04885,PMCU,1,W,5,,clear
DSC04886,blank,blank,blank,blank,,clear
DSC04887,PMCU,2,C,0,,clear
DSC04888,PMCU,2,N,2.5,,clear
DSC04889,PMCU,2,N,5,,clear
DSC04890,PMCU,2,E,2.5,,clear
DSC04891,PMCU,2,E,5,,clear
DSC04892,PMCU,2,S,2.5,,clear
DSC04893,PMCU,2,S,5,,clear
DSC04894,PMCU,2,W,2.5,,clear
DSC04895,PMCU,2,W,5,,clear
DSC04896,blank,blank,blank,blank,,clear
DSC04897,PMCU,3,C,0,,clear
DSC04898,PMCU,3,N,2.5,,clear
DSC04899,PMCU,3,N,5,,clear
DSC04900,PMCU,3,E,2.5,,clear
DSC04901,PMCU,3,E,5,,clear
DSC04902,PMCU,3,S,2.5,,clear
DSC04903,PMCU,3,S,5,,clear
DSC04904,PMCU,3,W,2.5,,clear
DSC04905,PMCU,3,W,5,,clear
DSC04906,blank,blank,blank,blank,,clear
DSC04907,PMCU,4,C,0,,clear
DSC04908,PMCU,4,N,2.5,,clear
DSC04909,PMCU,4,N,5,,clear
DSC04910,PMCU,4,E,2.5,,clear
DSC04911,PMCU,4,E,5,,clear
DSC04912,PMCU,4,S,2.5,,clear
DSC04913,PMCU,4,S,5,,clear
DSC04914,PMCU,4,W,2.5,,clear
DSC04915,PMCU,4,W,5,,clear
DSC04916,blank,blank,blank,blank,,clear
DSC04917,PMCU,5,C,0,,clear
DSC04918,PMCU,5,N,2.5,,clear
DSC04919,PMCU,5,N,5,,clear
DSC04920,PMCU,5,E,2.5,,clear
DSC04921,PMCU,5,E,5,,clear
DSC04922,PMCU,5,S,2.5,,clear
DSC04923,PMCU,5,S,5,,clear
DSC04924,PMCU,5,W,2.5,,clear
DSC04925,PMCU,5,W,5,,clear
DSC04926,WWSC,1,C,0,,clear
DSC04927,WWSC,1,N,2.5,,clear
DSC04928,WWSC,1,N,5,,clear
DSC04929,WWSC,1,E,2.5,,clear
DSC04930,WWSC,1,E,5,,clear
DSC04931,WWSC,1,S,2.5,,clear
DSC04932,WWSC,1,S,5,,clear
DSC04933,WWSC,1,W,2.5,,clear
DSC04934,WWSC,1,W,5,,clear
DSC04935,blank,blank,blank,blank,,clear
DSC04936,WWSC,5,C,0,,clear
DSC04937,WWSC,5,N,2.5,,clear
DSC04938,WWSC,5,N,5,,clear
DSC04939,WWSC,5,E,2.5,,clear
DSC04940,WWSC,5,E,5,,clear
DSC04941,WWSC,5,S,2.5,,clear
DSC04942,WWSC,5,S,5,,clear
DSC04943,WWSC,5,W,2.5,,clear
DSC04944,WWSC,5,W,5,,clear
DSC04945,blank,blank,blank,blank,,clear
DSC04946,WWSC,2,C,0,,clear
DSC04947,WWSC,2,N,2.5,,clear
DSC04948,WWSC,2,N,5,,clear
DSC04949,WWSC,2,E,2.5,,clear
DSC04950,WWSC,2,E,5,,clear
DSC04951,WWSC,2,S,2.5,,clear
DSC04952,WWSC,2,S,5,,clear
DSC04953,WWSC,2,W,2.5,,clear
DSC04954,WWSC,2,W,5,,clear
DSC04955,WWSC,3,C,0,,clear
DSC04956,WWSC,3,N,2.5,,clear
DSC04957,WWSC,3,N,5,,clear
DSC04958,WWSC,3,E,2.5,,clear
DSC04959,WWSC,3,E,5,,clear
DSC04960,WWSC,3,S,2.5,,clear
DSC04961,WWSC,3,S,5,,clear
DSC04962,WWSC,3,W,2.5,,clear
DSC04963,WWSC,3,W,5,,clear
DSC04964,blank,blank,blank,blank,,clear
DSC04965,WWSC,4,C,0,,clear
DSC04966,WWSC,4,N,2.5,,clear
DSC04967,WWSC,4,N,5,,clear
DSC04968,WWSC,4,E,2.5,,clear
DSC04969,WWSC,4,E,5,,clear
DSC04970,WWSC,4,S,2.5,,clear
DSC04971,WWSC,4,S,5,,clear
DSC04972,WWSC,4,W,2.5,,clear
DSC04973,WWSC,4,W,5,,clear
DSC04974,blank,blank,blank,blank,,clear
DSC04975,WWT1,1,C,0,,clear
DSC04976,WWT1,1,N,2.5,,clear
DSC04977,WWT1,1,N,5,,clear
DSC04978,WWT1,1,E,2.5,,clear
DSC04979,WWT1,1,E,5,,clear
DSC04980,WWT1,1,S,2.5,,clear
DSC04981,WWT1,1,S,5,,clear
DSC04982,WWT1,1,W,2.5,,clear
DSC04983,WWT1,1,W,5,,clear
DSC04984,blank,blank,blank,blank,,clear
DSC04985,WWT1,2,C,0,,clear
DSC04986,WWT1,2,N,2.5,,clear
DSC04987,WWT1,2,N,5,,clear
DSC04988,WWT1,2,E,2.5,,clear
DSC04989,WWT1,2,E,5,,clear
DSC04990,WWT1,2,S,2.5,,clear
DSC04991,WWT1,2,S,5,,clear
DSC04992,WWT1,2,W,2.5,,clear
DSC04993,WWT1,2,W,5,,clear
DSC04994,blank,blank,blank,blank,,clear
DSC04995,WWT1,3,C,0,,clear
DSC04996,WWT1,3,N,2.5,,clear
DSC04997,WWT1,3,N,5,,clear
DSC04998,WWT1,3,E,2.5,,clear
DSC04999,WWT1,3,E,5,,clear
DSC05000,WWT1,3,S,2.5,,clear
DSC05001,WWT1,3,S,5,,clear
DSC05002,WWT1,3,W,2.5,,clear
DSC05003,WWT1,3,W,5,,clear
DSC05004,blank,blank,blank,blank,,clear
DSC05005,WWT1,4,C,0,,clear
DSC05006,WWT1,4,N,2.5,,clear
DSC05007,WWT1,4,N,5,,clear
DSC05008,WWT1,4,E,2.5,,clear
DSC05009,WWT1,4,E,5,,clear
DSC05010,WWT1,4,S,2.5,,clear
DSC05011,WWT1,4,S,5,,clear
DSC05012,WWT1,4,W,2.5,,clear
DSC05013,WWT1,4,W,5,,clear
DSC05014,blank,blank,blank,blank,,clear
DSC05015,WWT1,6,C,0,,clear
DSC05016,WWT1,6,N,2.5,,clear
DSC05017,WWT1,6,N,5,,clear
DSC05018,WWT1,6,E,2.5,,clear
DSC05019,WWT1,6,E,5,,clear
DSC05020,WWT1,6,S,2.5,,clear
DSC05021,WWT1,6,S,5,,clear
DSC05022,WWT1,6,W,2.5,,clear
DSC05023,WWT1,6,W,5,,clear
DSC05024,WWT1,5,C,0,,clear
DSC05025,blank,blank,blank,blank,,clear
DSC05026,WWT1,5,N,2.5,,clear
DSC05027,WWT1,5,N,5,,clear
DSC05028,WWT1,5,E,2.5,,clear
DSC05029,WWT1,5,E,5,,clear
DSC05030,WWT1,5,S,2.5,,clear
DSC05031,WWT1,5,S,5,,clear
DSC05032,WWT1,5,W,2.5,,clear
DSC05033,WWT1,5,W,5,,clear
DSC05034,WWT1,7,C,0,,clear
DSC05035,blank,blank,blank,blank,,clear
DSC05036,WWT1,7,N,2.5,,clear
DSC05037,WWT1,7,N,5,,clear
DSC05038,WWT1,7,E,2.5,,clear
DSC05039,WWT1,7,E,5,,clear
DSC05040,WWT1,7,S,2.5,,clear
DSC05041,WWT1,7,S,5,,clear
DSC05042,WWT1,7,W,2.5,,clear
DSC05043,WWT1,7,W,5,,clear
DSC05044,blank,blank,blank,blank,,clear
DSC05045,WWT1,8,C,0,,clear
DSC05046,WWT1,8,N,2.5,,clear
DSC05047,WWT1,8,N,5,,clear
DSC05048,WWT1,8,E,2.5,,clear
DSC05049,WWT1,8,E,5,,clear
DSC05050,WWT1,8,S,2.5,,clear
DSC05051,WWT1,8,S,5,,clear
DSC05052,WWT1,8,W,2.5,,clear
DSC05053,WWT1,8,W,5,,clear
DSC05054,WWT1,9,C,0,,clear
DSC05055,WWT1,9,N,2.5,,clear
DSC05056,WWT1,9,N,5,,clear
DSC05057,WWT1,9,E,2.5,,clear
DSC05058,WWT1,9,E,5,,clear
DSC05059,WWT1,9,S,2.5,,clear
DSC05060,WWT1,9,S,5,,clear
DSC05061,WWT1,9,W,2.5,,clear
DSC05062,WWT1,9,W,5,,clear
DSC05063,blank,blank,blank,blank,,clear
DSC05064,FRS,2,C,0,,clear
DSC05065,FRS,2,N,2.5,,clear
DSC05066,FRS,2,N,5,,clear
DSC05067,FRS,2,E,2.5,,clear
DSC05068,FRS,2,E,5,,clear
DSC05069,FRS,2,S,2.5,,clear
DSC05070,FRS,2,S,5,,clear
DSC05071,FRS,2,W,2.5,,clear
DSC05072,FRS,2,W,5,,clear
DSC05073,blank,blank,blank,blank,,clear
DSC05074,FRS,1,C,0,,clear
DSC05075,FRS,1,N,2.5,,clear
DSC05076,FRS,1,N,5,,clear
DSC05077,FRS,1,E,2.5,,clear
DSC05078,FRS,1,E,5,,clear
DSC05079,FRS,1,S,2.5,,clear
DSC05080,FRS,1,S,5,,clear
DSC05081,FRS,1,W,2.5,,clear
DSC05082,FRS,1,W,5,,clear
DSC05083,blank,blank,blank,blank,,clear
DSC05084,FRS,3,C,0,,clear
DSC05085,FRS,3,N,2.5,,clear
DSC05086,FRS,3,N,5,,clear
DSC05087,FRS,3,E,2.5,,clear
DSC05088,FRS,3,E,5,,clear
DSC05089,FRS,3,S,2.5,,clear
DSC05090,FRS,3,S,5,,clear
DSC05091,FRS,3,W,2.5,,clear
DSC05092,FRS,3,W,5,,clear
DSC05093,blank,blank,blank,blank,,clear
DSC05094,FRS,6,C,0,,clear
DSC05095,FRS,6,N,2.5,,clear
DSC05096,FRS,6,N,5,,clear
DSC05097,FRS,6,E,2.5,,clear
DSC05098,FRS,6,E,5,,clear
DSC05099,FRS,6,S,2.5,,clear
DSC05100,FRS,6,S,5,,clear
DSC05101,blank,blank,blank,blank,,clear
DSC05102,FRS,6,W,2.5,,clear
DSC05103,FRS,6,W,5,,clear
DSC05104,blank,blank,blank,blank,,clear
DSC05105,blank,blank,blank,blank,,clear
DSC05106,FRS,4,C,0,,clear
DSC05107,FRS,4,N,2.5,,clear
DSC05108,FRS,4,N,5,,clear
DSC05109,FRS,4,E,2.5,,clear
DSC05110,FRS,4,E,5,,clear
DSC05111,FRS,4,S,2.5,,clear
DSC05112,FRS,4,S,5,,clear
DSC05113,FRS,4,W,2.5,,clear
DSC05114,FRS,4,W,5,,clear
DSC05115,blank,blank,blank,blank,,clear
DSC05116,FRS,5,C,0,,clear
DSC05117,FRS,5,N,2.5,,clear
DSC05118,FRS,5,N,5,,clear
DSC05119,FRS,5,E,2.5,,clear
DSC05120,FRS,5,E,5,,clear
DSC05121,FRS,5,S,2.5,,clear
DSC05122,FRS,5,S,5,,clear
DSC05123,FRS,5,W,2.5,,clear
DSC05124,FRS,5,W,5,,clear
DSC05125,blank,blank,blank,blank,,clear
DSC05126,CS,1,C,0,,clear
DSC05127,CS,1,N,2.5,,clear
DSC05128,CS,1,N,5,,clear
DSC05129,CS,1,E,2.5,,clear
DSC05130,CS,1,E,5,,clear
DSC05131,CS,1,S,2.5,,clear
DSC05132,CS,1,S,5,,clear
DSC05133,CS,1,W,2.5,,clear
DSC05134,CS,1,W,5,,clear
DSC05135,blank,blank,blank,blank,,clear
DSC05136,CS,2,C,0,,clear
DSC05137,CS,2,N,2.5,,clear
DSC05138,CS,2,N,5,,clear
DSC05139,CS,2,E,2.5,,clear
DSC05140,CS,2,E,5,,clear
DSC05141,CS,2,S,2.5,,clear
DSC05142,CS,2,S,5,,clear
DSC05143,CS,2,W,2.5,,clear
DSC05144,CS,2,W,5,,clear
DSC05145,blank,blank,blank,blank,,clear
DSC05146,CS,3,C,0,,clear
DSC05147,CS,3,N,2.5,,clear
DSC05148,CS,3,N,5,,clear
DSC05149,CS,3,E,2.5,,clear
DSC05150,CS,3,E,5,,clear
DSC05151,CS,3,S,2.5,,clear
DSC05152,CS,3,S,5,,clear
DSC05153,CS,3,W,2.5,,clear
DSC05154,CS,3,W,5,,clear
DSC05155,blank,blank,blank,blank,,clear
DSC05156,CS,5,C,0,,clear
DSC05157,CS,5,N,2.5,,clear
DSC05158,CS,5,N,5,,clear
DSC05159,CS,5,E,2.5,,clear
DSC05160,CS,5,E,5,,clear
DSC05161,CS,5,S,2.5,,clear
DSC05162,CS,5,S,5,,clear
DSC05163,CS,5,W,2.5,,clear
DSC05164,CS,5,W,5,,clear
DSC05165,blank,blank,blank,blank,,clear
DSC05166,CS,6,C,0,,clear
DSC05167,CS,6,N,2.5,,clear
DSC05168,CS,6,N,5,,clear
DSC05169,CS,6,E,2.5,,clear
DSC05170,CS,6,E,5,,clear
DSC05171,CS,6,S,2.5,,clear
DSC05172,CS,6,S,5,,clear
DSC05173,CS,6,W,2.5,,clear
DSC05174,CS,6,W,5,,clear
DSC05175,blank,blank,blank,blank,,clear
DSC05176,CS,4,C,0,,clear
DSC05177,CS,4,N,2.5,,clear
DSC05178,CS,4,N,5,,clear
DSC05179,CS,4,E,2.5,,clear
DSC05180,CS,4,E,5,,clear
DSC05181,CS,4,S,2.5,,clear
DSC05182,CS,4,S,5,,clear
DSC05183,blank,blank,blank,blank,,clear
DSC05184,CS,4,W,2.5,,clear
DSC05185,CS,4,W,5,,clear
DSC05186,blank,blank,blank,blank,,clear
DSC05187,CS,8,C,0,,clear
DSC05188,CS,8,N,2.5,,clear
DSC05189,CS,8,N,5,,clear
DSC05190,CS,8,E,2.5,,clear
DSC05191,CS,8,E,5,,clear
DSC05192,CS,8,S,2.5,,clear
DSC05193,CS,8,S,5,,clear
DSC05194,CS,8,W,2.5,,clear
DSC05195,CS,8,W,5,,clear
DSC05197,CS,7,C,0,,clear
DSC05198,CS,7,N,2.5,,clear
DSC05199,CS,7,N,5,,clear
DSC05200,CS,7,E,2.5,,clear
DSC05201,CS,7,E,5,,clear
DSC05202,CS,7,S,2.5,,clear
DSC05203,CS,7,S,5,,clear
DSC05204,CS,7,W,2.5,,clear
DSC05205,CS,7,W,5,,clear
DSC05206,blank,blank,blank,blank,,clear
DSC05207,CS,11,C,0,,clear
DSC05208,CS,11,N,2.5,,clear
DSC05209,CS,11,N,5,,clear
DSC05210,CS,11,E,2.5,,clear
DSC05212,CS,11,E,5,,clear
DSC05213,CS,11,S,2.5,,clear
DSC05214,CS,11,S,5,,clear
DSC05215,CS,11,W,2.5,,clear
DSC05216,CS,11,W,5,,clear
DSC05217,blank,blank,blank,blank,,clear
DSC05218,CS,10,C,0,,clear
DSC05219,CS,10,N,2.5,,clear
DSC05220,CS,10,N,5,,clear
DSC05221,CS,10,E,2.5,,clear
DSC05222,CS,10,E,5,,clear
DSC05223,CS,10,S,2.5,,clear
DSC05224,CS,10,S,5,,clear
DSC05225,CS,10,W,2.5,,clear
DSC05226,CS,10,W,5,,clear
DSC05227,blank,blank,blank,blank,,clear
DSC05228,CS,9,C,0,,clear
DSC05230,CS,9,N,2.5,,clear
DSC05231,CS,9,N,5,,clear
DSC05232,CS,9,E,2.5,,clear
DSC05233,CS,9,E,5,,clear
DSC05234,CS,9,S,2.5,,clear
DSC05235,CS,9,S,5,,clear
DSC05236,CS,9,W,2.5,,clear
DSC05237,CS,9,W,5,,clear
DSC05238,blank,blank,blank,blank,,clear
DSC05239,blank,blank,blank,blank,,clear
DSC05240,DC,1,C,0,,clear
DSC05241,DC,1,N,2.5,,clear
DSC05242,DC,1,N,5,,clear
DSC05243,DC,1,E,2.5,,clear
DSC05244,DC,1,E,5,,clear
DSC05245,DC,1,S,2.5,,clear
DSC05246,DC,1,S,5,,clear
DSC05247,DC,1,W,2.5,,clear
DSC05248,DC,1,W,5,,clear
DSC05249,blank,blank,blank,blank,,clear
DSC05250,DC,2,C,0,,clear
DSC05251,DC,2,N,2.5,,clear
DSC05253,DC,2,N,5,,clear
DSC05255,DC,2,E,2.5,,clear
DSC05256,DC,2,E,5,,clear
DSC05257,DC,2,S,2.5,,clear
DSC05258,DC,2,S,5,,clear
DSC05259,DC,2,W,2.5,,clear
DSC05260,DC,2,W,5,,clear
DSC05261,DC,4,C,0,,clear
DSC05262,DC,4,N,2.5,,clear
DSC05263,DC,4,N,5,,clear
DSC05264,DC,4,E,2.5,,clear
DSC05266,DC,4,E,5,,clear
DSC05267,DC,4,S,2.5,,clear
DSC05268,DC,4,S,5,,clear
DSC05269,DC,4,W,2.5,,clear
DSC05270,DC,4,W,5,,clear
DSC05271,blank,blank,blank,blank,,clear
DSC05272,MS,7,C,0,,clear
DSC05273,MS,7,N,2.5,,clear
DSC05274,MS,7,N,5,,clear
DSC05275,MS,7,E,2.5,,clear
DSC05276,MS,7,E,5,,clear
DSC05277,MS,7,S,2.5,,clear
DSC05278,MS,7,S,5,,clear
DSC05279,MS,7,W,2.5,,clear
DSC05280,MS,7,W,5,,clear
DSC05282,blank,blank,blank,blank,,clear
DSC05283,MS,6,C,0,,clear
DSC05284,MS,6,N,2.5,,clear
DSC05285,MS,6,N,5,,clear
DSC05286,MS,6,E,2.5,,clear
DSC05287,MS,6,E,5,,clear
DSC05288,MS,6,S,2.5,,clear
DSC05289,MS,6,S,5,,clear
DSC05290,MS,6,W,2.5,,clear
DSC05291,MS,6,W,5,,clear
DSC05292,blank,blank,blank,blank,,clear
DSC05293,MS,5,C,0,,clear
DSC05294,MS,5,N,2.5,,clear
DSC05295,MS,5,N,5,,clear
DSC05296,MS,5,E,2.5,,clear
DSC05297,MS,5,E,5,,clear
DSC05298,MS,5,S,2.5,,clear
DSC05299,MS,5,S,5,,clear
DSC05300,MS,5,W,2.5,,clear
DSC05301,MS,5,W,5,,clear
DSC05302,blank,blank,blank,blank,,clear
DSC05303,MS,4,C,0,,clear
DSC05304,MS,4,N,2.5,,clear
DSC05305,MS,4,N,5,,clear
DSC05306,MS,4,E,2.5,,clear
DSC05307,MS,4,E,5,,clear
DSC05308,MS,4,S,2.5,,clear
DSC05309,MS,4,S,5,,clear
DSC05310,MS,4,W,2.5,,clear
DSC05311,MS,4,W,5,,clear
DSC05312,blank,blank,blank,blank,,clear
DSC05313,blank,blank,blank,blank,,clear
DSC05314,MS,3,C,0,,clear
DSC05315,MS,3,N,2.5,,clear
DSC05316,MS,3,N,5,,clear
DSC05317,MS,3,E,2.5,,clear
DSC05318,MS,3,E,5,,clear
DSC05319,MS,3,S,2.5,,clear
DSC05320,MS,3,S,5,,clear
DSC05321,MS,3,W,2.5,,clear
DSC05322,blank,blank,blank,blank,,clear
DSC05323,MS,2,C,0,,clear
DSC05324,MS,2,N,2.5,,clear
DSC05325,MS,2,N,5,,clear
DSC05326,MS,2,E,2.5,,clear
DSC05327,MS,2,E,5,,clear
DSC05328,MS,2,S,2.5,,clear
DSC05329,MS,2,S,5,,clear
DSC05330,MS,2,W,2.5,,clear
DSC05331,MS,2,W,5,,clear
DSC05332,blank,blank,blank,blank,,clear
DSC05333,MS,1,C,0,,clear
DSC05334,MS,1,N,2.5,,clear
DSC05335,MS,1,N,5,,clear
DSC05336,MS,1,E,2.5,,clear
DSC05337,MS,1,E,5,,clear
DSC05338,MS,1,S,2.5,,clear
DSC05339,MS,1,S,5,,clear
DSC05340,MS,1,W,2.5,,clear
DSC05341,MS,1,W,5,,clear
DSC05342,blank,blank,blank,blank,,clear
DSC05343,MS,10,C,0,,clear
DSC05344,MS,10,N,2.5,,clear
DSC05345,MS,10,N,5,,clear
DSC05346,MS,10,E,2.5,,clear
DSC05347,MS,10,E,5,,clear
DSC05348,MS,10,S,2.5,,clear
DSC05349,MS,10,S,5,,clear
DSC05350,MS,10,W,2.5,,clear
DSC05351,MS,10,W,5,,clear
DSC05352,blank,blank,blank,blank,,clear
DSC05353,MS,9,C,0,,clear
DSC05354,MS,9,N,2.5,,clear
DSC05355,MS,9,N,5,,clear
DSC05356,MS,9,E,2.5,,clear
DSC05357,MS,9,E,5,,clear
DSC05358,MS,9,S,2.5,,clear
DSC05359,MS,9,S,5,,clear
DSC05360,MS,9,W,2.5,,clear
DSC05361,MS,9,W,5,,clear
DSC05362,blank,blank,blank,blank,,clear
DSC05363,MS,8,C,0,,clear
DSC05364,MS,8,N,2.5,,clear
DSC05365,MS,8,N,5,,clear
DSC05366,MS,8,E,2.5,,clear
DSC05367,MS,8,E,5,,clear
DSC05368,MS,8,S,2.5,,clear
DSC05369,MS,8,S,5,,clear
DSC05370,MS,8,W,2.5,,clear
DSC05371,MS,8,W,5,,clear
DSC05372,blank,blank,blank,blank,,clear
DSC05373,DC,3,C,0,,clear
DSC05374,DC,3,N,2.5,,clear
DSC05375,DC,3,E,2.5,,clear
DSC05376,DC,3,E,5,,clear
DSC05377,DC,3,S,2.5,,clear
DSC05378,DC,3,S,5,,clear
DSC05379,DC,3,W,2.5,,clear
DSC05380,DC,3,W,5,,clear
DSC05381,DC,3,N,5,,clear
DSC05382,blank,blank,blank,blank,,clear
DSC05383,DC,9,C,0,,clear
DSC05384,DC,9,N,2.5,,clear
DSC05385,DC,9,N,5,,clear
DSC05386,DC,9,E,2.5,,clear
DSC05387,DC,9,E,5,,clear
DSC05388,DC,9,S,2.5,,clear
DSC05389,DC,9,S,5,,clear
DSC05390,DC,9,W,2.5,,clear
DSC05391,blank,blank,blank,blank,,clear
DSC05392,DC,8,C,0,,clear
DSC05393,DC,8,N,2.5,,clear
DSC05394,DC,8,N,5,,clear
DSC05395,DC,8,E,2.5,,clear
DSC05396,DC,8,E,5,,clear
DSC05397,DC,8,S,2.5,,clear
DSC05398,DC,8,S,5,,clear
DSC05399,DC,8,W,2.5,,clear
DSC05400,DC,8,W,5,,clear
DSC05401,blank,blank,blank,blank,,clear
DSC05402,DC,7,C,0,,clear
DSC05403,DC,7,N,2.5,,clear
DSC05404,DC,7,N,5,,clear
DSC05405,DC,7,E,2.5,,clear
DSC05406,DC,7,E,5,,clear
DSC05407,DC,7,S,2.5,,clear
DSC05408,DC,7,S,5,,clear
DSC05409,DC,7,W,2.5,,clear
DSC05410,DC,7,W,5,,clear
DSC05997,blank,blank,blank,blank,,overcast
DSC05998,HD,3,C,0,,overcast
DSC05999,HD,3,N,2.5,,overcast
DSC06000,HD,3,N,5,,overcast
DSC06001,HD,3,W,2.5,,overcast
DSC06002,HD,3,W,5,,overcast
DSC06003,HD,3,S,2.5,,overcast
DSC06004,HD,3,S,5,,overcast
DSC06005,HD,3,E,2.5,,overcast
DSC06006,HD,3,E,5,,overcast
DSC06007,HD,2,C,0,,overcast
DSC06008,HD,2,N,2.5,,overcast
DSC06009,HD,2,N,5,,overcast
DSC06010,HD,2,E,2.5,,overcast
DSC06011,HD,2,E,5,,overcast
DSC06012,HD,2,S,2.5,,overcast
DSC06013,HD,2,S,5,,overcast
DSC06014,HD,2,W,2.5,,overcast
DSC06015,HD,2,W,5,,overcast
DSC06016,blank,blank,blank,blank,,overcast
DSC06017,HD,1,C,0,,overcast
DSC06018,HD,1,N,2.5,,overcast
DSC06019,HD,1,N,5,,overcast
DSC06020,HD,1,E,2.5,,overcast
DSC06021,HD,1,E,5,,overcast
DSC06022,HD,1,S,2.5,,overcast
DSC06023,HD,1,S,5,,overcast
DSC06024,HD,1,W,2.5,,overcast
DSC06025,HD,1,W,5,,overcast
DSC06026,blank,blank,blank,blank,,overcast
DSC06027,HD,13,C,0,,overcast
DSC06028,HD,13,N,2.5,,overcast
DSC06029,HD,13,N,5,,overcast
DSC06030,HD,13,E,2.5,,overcast
DSC06031,HD,13,E,5,,overcast
DSC06032,HD,13,S,2.5,,overcast
DSC06033,HD,13,S,5,,overcast
DSC06034,HD,13,W,2.5,,overcast
DSC06035,HD,13,W,5,,overcast
DSC06036,blank,blank,blank,blank,,overcast
DSC06037,HD,12,C,0,,overcast
DSC06038,HD,12,N,2.5,,overcast
DSC06039,HD,12,N,5,,overcast
DSC06040,HD,12,E,2.5,,overcast
DSC06041,HD,12,E,5,,overcast
DSC06042,HD,12,S,2.5,,overcast
DSC06043,HD,12,S,5,,overcast
DSC06044,HD,12,W,2.5,,overcast
DSC06045,HD,12,W,5,,overcast
DSC06046,blank,blank,blank,blank,,overcast
DSC06047,HD,7,C,0,,overcast
DSC06048,HD,7,N,2.5,,overcast
DSC06049,HD,7,N,5,,overcast
DSC06050,HD,7,E,2.5,,overcast
DSC06051,HD,7,E,5,,overcast
DSC06052,HD,7,S,2.5,,overcast
DSC06053,HD,7,S,5,,overcast
DSC06054,HD,7,W,2.5,,overcast
DSC06055,HD,7,W,5,,overcast
DSC06056,HD,11,C,0,,overcast
DSC06057,HD,11,N,2.5,,overcast
DSC06058,HD,11,N,5,,overcast
DSC06059,HD,11,E,2.5,,overcast
DSC06060,HD,11,E,5,,overcast
DSC06061,HD,11,S,2.5,,overcast
DSC06062,HD,11,S,5,,overcast
DSC06063,HD,11,W,2.5,,overcast
DSC06064,HD,11,W,5,,overcast
DSC06065,blank,blank,blank,blank,,overcast
DSC06066,HD,10,C,0,,overcast
DSC06067,HD,10,N,2.5,,overcast
DSC06068,HD,10,N,5,,overcast
DSC06069,HD,10,E,2.5,,overcast
DSC06070,HD,10,E,5,,overcast
DSC06071,HD,10,S,2.5,,overcast
DSC06072,HD,10,S,5,,overcast
DSC06073,HD,10,W,2.5,,overcast
DSC06074,HD,10,W,5,,overcast
DSC06075,blank,blank,blank,blank,,overcast
DSC06076,HD,6,C,0,,overcast
DSC06077,HD,6,N,2.5,,overcast
DSC06078,HD,6,N,5,,overcast
DSC06079,HD,6,E,2.5,,overcast
DSC06080,HD,6,E,5,,overcast
DSC06081,HD,6,S,2.5,,overcast
DSC06082,HD,6,S,5,,overcast
DSC06083,HD,6,W,2.5,,overcast
DSC06084,HD,6,W,5,,overcast
DSC06085,blank,blank,blank,blank,,overcast
DSC06086,HD,8,C,0,,overcast
DSC06087,HD,8,N,2.5,,overcast
DSC06088,HD,8,N,5,,overcast
DSC06089,HD,8,E,2.5,,overcast
DSC06090,HD,8,E,5,,overcast
DSC06091,HD,8,S,2.5,,overcast
DSC06092,HD,8,S,5,,overcast
DSC06093,HD,8,W,2.5,,overcast
DSC06094,HD,8,W,5,,overcast
DSC06095,blank,blank,blank,blank,,overcast
DSC06096,HD,9,C,0,,overcast
DSC06097,HD,9,N,2.5,,overcast
DSC06098,HD,9,N,5,,overcast
DSC06099,HD,9,E,2.5,,overcast
DSC06100,HD,9,E,5,,overcast
DSC06101,HD,9,S,2.5,,overcast
DSC06102,HD,9,S,5,,overcast
DSC06103,HD,9,W,2.5,,overcast
DSC06104,HD,9,W,5,,overcast
DSC06105,HD,5,C,0,,overcast
DSC06106,HD,5,N,2.5,,overcast
DSC06107,HD,5,N,5,,overcast
DSC06108,HD,5,E,2.5,,overcast
DSC06109,HD,5,E,5,,overcast
DSC06110,HD,5,S,2.5,,overcast
DSC06111,HD,5,S,5,,overcast
DSC06112,HD,5,W,2.5,,overcast
DSC06113,HD,5,W,5,,overcast
DSC06114,blank,blank,blank,blank,,overcast
DSC06115,HD,4,C,0,,overcast
DSC06116,HD,4,N,2.5,,overcast
DSC06117,HD,4,N,5,,overcast
DSC06118,HD,4,E,2.5,,overcast
DSC06119,HD,4,E,5,,overcast
DSC06120,HD,4,S,2.5,,overcast
DSC06121,HD,4,S,5,,overcast
DSC06122,HD,4,W,2.5,,overcast
DSC06123,HD,4,W,5,,overcast
DSC06124,blank,blank,blank,blank,,overcast
DSC06125,blank,blank,blank,blank,,overcast
DSC06126,HDT,1,C,0,,overcast
DSC06127,HDT,1,N,2.5,,overcast
DSC06128,HDT,1,N,5,,overcast
DSC06129,HDT,1,E,2.5,,overcast
DSC06130,HDT,1,E,5,,overcast
DSC06131,HDT,1,S,2.5,,overcast
DSC06132,HDT,1,S,5,,overcast
DSC06133,HDT,1,W,2.5,,overcast
DSC06134,HDT,1,W,5,,overcast
DSC06135,blank,blank,blank,blank,,overcast
DSC06136,HDT,2,C,0,,overcast
DSC06137,HDT,2,N,2.5,,overcast
DSC06138,HDT,2,N,5,,overcast
DSC06139,HDT,2,E,2.5,,overcast
DSC06140,HDT,2,E,5,,overcast
DSC06141,HDT,2,S,2.5,,overcast
DSC06142,HDT,2,S,5,,overcast
DSC06143,HDT,2,W,2.5,,overcast
DSC06144,HDT,2,W,5,,overcast
DSC06145,blank,blank,blank,blank,,overcast
DSC06146,HDT,3,C,0,,overcast
DSC06147,HDT,3,N,2.5,,overcast
DSC06148,HDT,3,N,5,,overcast
DSC06149,HDT,3,E,2.5,,overcast
DSC06150,HDT,3,E,5,,overcast
DSC06151,HDT,3,S,2.5,,overcast
DSC06152,HDT,3,S,5,,overcast
DSC06153,HDT,3,W,2.5,,overcast
DSC06154,HDT,3,W,5,,overcast
DSC06155,blank,blank,blank,blank,,overcast
DSC06156,HDT,4,C,0,,overcast
DSC06157,HDT,4,N,2.5,,overcast
DSC06158,HDT,4,N,5,,overcast
DSC06159,HDT,4,E,2.5,,overcast
DSC06160,HDT,4,E,5,,overcast
DSC06161,HDT,4,S,2.5,,overcast
DSC06162,HDT,4,S,5,,overcast
DSC06163,HDT,4,W,2.5,,overcast
DSC06164,HDT,4,W,5,,overcast
DSC06165,blank,blank,blank,blank,,overcast
DSC06166,HDT,5,C,0,,overcast
DSC06167,HDT,5,N,2.5,,overcast
DSC06168,HDT,5,N,5,,overcast
DSC06169,HDT,5,E,2.5,,overcast
DSC06170,HDT,5,E,5,,overcast
DSC06171,HDT,5,S,2.5,,overcast
DSC06172,HDT,5,S,5,,overcast
DSC06173,HDT,5,W,2.5,,overcast
DSC06174,HDT,5,W,5,,overcast
DSC06175,blank,blank,blank,blank,,overcast
DSC06176,HDE,2,C,0,,overcast
DSC06177,HDE,2,N,2.5,,overcast
DSC06178,HDE,2,N,5,,overcast
DSC06179,HDE,2,E,2.5,,overcast
DSC06180,HDE,2,E,5,,overcast
DSC06181,HDE,2,S,2.5,,overcast
DSC06182,HDE,2,S,5,,overcast
DSC06183,HDE,2,W,2.5,,overcast
DSC06184,HDE,2,W,5,,overcast
DSC06185,blank,blank,blank,blank,,overcast
DSC06186,HDE,1,C,0,,overcast
DSC06187,HDE,1,N,2.5,,overcast
DSC06188,HDE,1,N,5,,overcast
DSC06189,HDE,1,E,2.5,,overcast
DSC06190,HDE,1,E,5,,overcast
DSC06191,HDE,1,S,2.5,,overcast
DSC06192,HDE,1,S,5,,overcast
DSC06193,HDE,1,W,2.5,,overcast
DSC06194,HDE,1,W,5,,overcast
DSC06195,blank,blank,blank,blank,,overcast
DSC06196,HDE,3,C,0,,overcast
DSC06197,HDE,3,N,2.5,,overcast
DSC06198,HDE,3,N,5,,overcast
DSC06199,HDE,3,E,2.5,,overcast
DSC06200,HDE,3,E,5,,overcast
DSC06201,HDE,3,S,2.5,,overcast
DSC06202,HDE,3,S,5,,overcast
DSC06203,HDE,3,W,2.5,,overcast
DSC06204,HDE,3,W,5,,overcast
DSC06205,blank,blank,blank,blank,,overcast
DSC06206,HDE,4,C,0,,overcast
DSC06207,HDE,4,N,2.5,,overcast
DSC06208,HDE,4,N,5,,overcast
DSC06209,HDE,4,E,2.5,,overcast
DSC06210,HDE,4,E,5,,overcast
DSC06211,HDE,4,S,2.5,,overcast
DSC06212,HDE,4,S,5,,overcast
DSC06213,blank,blank,blank,blank,,overcast
DSC06214,HDE,4,W,2.5,,overcast
DSC06215,HDE,4,W,5,,overcast
DSC06216,blank,blank,blank,blank,,overcast
DSC06217,blank,blank,blank,blank,,overcast
DSC06218,HDWW,1,C,0,,overcast
DSC06219,HDWW,1,N,2.5,,overcast
DSC06220,HDWW,1,N,5,,overcast
DSC06221,blank,blank,blank,blank,,overcast
DSC06222,blank,blank,blank,blank,,overcast
DSC06223,HDWW,1,E,2.5,,overcast
DSC06224,HDWW,1,E,5,,overcast
DSC06225,HDWW,1,S,2.5,,overcast
DSC06226,HDWW,1,S,5,,overcast
DSC06227,HDWW,1,W,2.5,,overcast
DSC06228,HDWW,1,W,5,,overcast
DSC06229,blank,blank,blank,blank,,overcast
DSC06230,HDWW,3,C,0,,overcast
DSC06231,HDWW,3,N,2.5,,overcast
DSC06232,HDWW,3,N,5,,overcast
DSC06233,HDWW,3,E,2.5,,overcast
DSC06234,HDWW,3,E,5,,overcast
DSC06235,HDWW,3,S,2.5,,overcast
DSC06236,HDWW,3,S,5,,overcast
DSC06237,HDWW,3,W,2.5,,overcast
DSC06238,HDWW,3,W,5,,overcast
DSC06239,blank,blank,blank,blank,,overcast
DSC06240,HDWW,4,C,0,,overcast
DSC06241,HDWW,4,N,2.5,,overcast
DSC06242,HDWW,4,N,5,,overcast
DSC06243,HDWW,4,E,2.5,,overcast
DSC06244,HDWW,4,E,5,,overcast
DSC06245,HDWW,4,S,2.5,,overcast
DSC06246,HDWW,4,S,5,,overcast
DSC06247,HDWW,4,W,2.5,,overcast
DSC06248,HDWW,4,W,5,,overcast
DSC06249,blank,blank,blank,blank,,overcast
DSC06250,HDWW,5,C,0,,overcast
DSC06251,HDWW,5,N,2.5,,overcast
DSC06252,HDWW,5,N,5,,overcast
DSC06253,HDWW,5,E,2.5,,overcast
DSC06254,HDWW,5,E,5,,overcast
DSC06255,HDWW,5,S,2.5,,overcast
DSC06256,HDWW,5,S,5,,overcast
DSC06257,HDWW,5,W,2.5,,overcast
DSC06258,HDWW,5,W,5,,overcast
DSC06259,blank,blank,blank,blank,,overcast
DSC06260,HDWW,6,C,0,,overcast
DSC06261,HDWW,6,N,2.5,,overcast
DSC06262,blank,blank,blank,blank,,overcast
DSC06263,HDWW,6,N,5,,overcast
DSC06264,HDWW,6,E,2.5,,overcast
DSC06265,HDWW,6,E,5,,overcast
DSC06266,HDWW,6,S,2.5,,overcast
DSC06267,HDWW,6,S,5,,overcast
DSC06268,HDWW,6,W,2.5,,overcast
DSC06269,HDWW,6,W,5,,overcast
DSC06270,blank,blank,blank,blank,,overcast
DSC06271,HDWW,7,C,0,,overcast
DSC06272,HDWW,7,N,2.5,,overcast
DSC06273,HDWW,7,N,5,,overcast
DSC06274,HDWW,7,E,2.5,,overcast
DSC06275,HDWW,7,E,5,,overcast
DSC06276,HDWW,7,S,2.5,,overcast
DSC06277,HDWW,7,S,5,,overcast
DSC06278,HDWW,7,W,2.5,,overcast
DSC06279,HDWW,7,W,5,,overcast
DSC06280,blank,blank,blank,blank,,overcast
DSC06281,HDWW,8,C,0,,overcast
DSC06282,HDWW,8,N,2.5,,overcast
DSC06283,HDWW,8,N,5,,overcast
DSC06284,HDWW,8,E,2.5,,overcast
DSC06285,HDWW,8,E,5,,overcast
DSC06286,HDWW,8,S,2.5,,overcast
DSC06287,HDWW,8,S,5,,overcast
DSC06288,HDWW,8,W,2.5,,overcast
DSC06289,HDWW,8,W,5,,overcast
DSC06290,blank,blank,blank,blank,,overcast
DSC06291,HDWW,2,C,0,,overcast
DSC06292,HDWW,2,N,2.5,,overcast
DSC06293,HDWW,2,N,5,,overcast
DSC06294,HDWW,2,E,2.5,,overcast
DSC06295,HDWW,2,E,5,,overcast
DSC06296,HDWW,2,S,2.5,,overcast
DSC06297,HDWW,2,S,5,,overcast
DSC06298,HDWW,2,W,2.5,,overcast
DSC06299,HDWW,2,W,5,,overcast
DSC06300,blank,blank,blank,blank,,overcast
DSC06301,PMC,6,C,0,,overcast
DSC06302,PMC,6,N,2.5,,overcast
DSC06303,PMC,6,N,5,,overcast
DSC06304,PMC,6,E,2.5,,overcast
DSC06305,PMC,6,E,5,,overcast
DSC06306,PMC,6,S,2.5,,overcast
DSC06307,PMC,6,S,5,,overcast
DSC06308,PMC,6,W,2.5,,overcast
DSC06309,PMC,6,W,5,,overcast
DSC06310,blank,blank,blank,blank,,overcast
DSC06311,PMC,1,C,0,,overcast
DSC06312,PMC,1,N,2.5,,overcast
DSC06313,PMC,1,N,5,,overcast
DSC06314,PMC,1,E,2.5,,overcast
DSC06315,PMC,1,E,5,,overcast
DSC06316,PMC,1,S,2.5,,overcast
DSC06317,PMC,1,S,5,,overcast
DSC06318,PMC,1,W,2.5,,overcast
DSC06319,PMC,1,W,5,,overcast
DSC06320,blank,blank,blank,blank,,overcast
DSC06321,PMC,2,C,0,,overcast
DSC06322,PMC,2,N,2.5,,overcast
DSC06323,PMC,2,N,5,,overcast
DSC06324,PMC,2,E,2.5,,overcast
DSC06325,PMC,2,E,5,,overcast
DSC06326,PMC,2,S,2.5,,overcast
DSC06327,PMC,2,S,5,,overcast
DSC06328,PMC,2,W,2.5,,overcast
DSC06329,PMC,2,W,5,,overcast
DSC06330,blank,blank,blank,blank,,overcast
DSC06331,PMC,3,C,0,,overcast
DSC06332,PMC,3,N,2.5,,overcast
DSC06333,PMC,3,N,5,,overcast
DSC06334,PMC,3,E,2.5,,overcast
DSC06335,PMC,3,E,5,,overcast
DSC06336,PMC,3,S,2.5,,overcast
DSC06337,PMC,3,S,5,,overcast
DSC06338,PMC,3,W,2.5,,overcast
DSC06339,PMC,3,W,5,,overcast
DSC06340,blank,blank,blank,blank,,overcast
DSC06341,PMC,4,C,0,,overcast
DSC06342,PMC,4,N,2.5,,overcast
DSC06343,PMC,4,N,5,,overcast
DSC06344,PMC,4,E,2.5,,overcast
DSC06345,PMC,4,E,5,,overcast
DSC06346,PMC,4,S,2.5,,overcast
DSC06347,PMC,4,S,5,,overcast
DSC06348,PMC,4,W,2.5,,overcast
DSC06349,PMC,4,W,5,,overcast
DSC06350,blank,blank,blank,blank,,overcast
DSC06351,PMC,5,C,0,,overcast
DSC06352,PMC,5,N,2.5,,overcast
DSC06353,PMC,5,N,5,,overcast
DSC06354,PMC,5,E,2.5,,overcast
DSC06355,PMC,5,E,5,,overcast
DSC06356,PMC,5,S,2.5,,overcast
DSC06357,PMC,5,S,5,,overcast
DSC06358,PMC,5,W,2.5,,overcast
DSC06359,PMC,5,W,5,,overcast
DSC06360,blank,blank,blank,blank,,overcast
DSC06361,PMC,8,C,0,,overcast
DSC06362,PMC,8,N,2.5,,overcast
DSC06363,PMC,8,N,5,,overcast
DSC06364,PMC,8,E,2.5,,overcast
DSC06365,PMC,8,E,5,,overcast
DSC06366,PMC,8,S,2.5,,overcast
DSC06367,PMC,8,S,5,,overcast
DSC06368,PMC,8,W,2.5,,overcast
DSC06369,PMC,8,W,5,,overcast
DSC06370,blank,blank,blank,blank,,overcast
DSC06371,PMC,7,C,0,,overcast
DSC06372,PMC,7,N,2.5,,overcast
DSC06373,PMC,7,N,5,,overcast
DSC06374,PMC,7,E,2.5,,overcast
DSC06375,PMC,7,E,5,,overcast
DSC06376,PMC,7,S,2.5,,overcast
DSC06377,PMC,7,S,5,,overcast
DSC06378,PMC,7,W,2.5,,overcast
DSC06379,PMC,7,W,5,,overcast
DSC06380,blank,blank,blank,blank,,overcast
DSC06381,MCK,1,C,0,,overcast
DSC06382,MCK,1,N,2.5,,overcast
DSC06383,MCK,1,N,5,,overcast
DSC06384,MCK,1,E,2.5,,overcast
DSC06385,MCK,1,E,5,,overcast
DSC06386,MCK,1,S,2.5,,overcast
DSC06387,MCK,1,S,5,,overcast
DSC06388,MCK,1,W,2.5,,overcast
DSC06389,MCK,1,W,5,,overcast
DSC06390,blank,blank,blank,blank,,overcast
DSC06391,MCK,2,C,0,,overcast
DSC06392,MCK,2,N,2.5,,overcast
DSC06393,MCK,2,N,5,,overcast
DSC06394,MCK,2,E,2.5,,overcast
DSC06395,MCK,2,E,5,,overcast
DSC06396,MCK,2,S,2.5,,overcast
DSC06397,MCK,2,S,5,,overcast
DSC06398,MCK,2,W,2.5,,partly cloudy
DSC06399,MCK,2,W,5,,partly cloudy
DSC06400,blank,blank,blank,blank,,partly cloudy
DSC06401,MCK,3,C,0,,partly cloudy
DSC06402,MCK,3,N,2.5,,partly cloudy
DSC06403,MCK,3,N,5,,partly cloudy
DSC06404,MCK,3,E,2.5,,partly cloudy
DSC06405,MCK,3,E,5,,partly cloudy
DSC06406,MCK,3,S,2.5,,partly cloudy
DSC06407,MCK,3,S,5,,partly cloudy
DSC06408,MCK,3,W,2.5,,partly cloudy
DSC06409,MCK,3,W,5,,partly cloudy
DSC06410,blank,blank,blank,blank,,partly cloudy
DSC06411,MCK,6,C,0,,partly cloudy
DSC06412,MCK,6,N,2.5,,partly cloudy
DSC06413,MCK,6,N,5,,partly cloudy
DSC06414,MCK,6,E,2.5,,partly cloudy
DSC06415,MCK,6,E,5,,partly cloudy
DSC06416,MCK,6,S,2.5,,partly cloudy
DSC06417,MCK,6,S,5,,partly cloudy
DSC06418,MCK,6,W,2.5,,partly cloudy
DSC06419,MCK,6,W,5,,partly cloudy
DSC06420,blank,blank,blank,blank,,partly cloudy
DSC06421,MCK,4,C,0,,partly cloudy
DSC06422,MCK,4,N,2.5,,partly cloudy
DSC06423,MCK,4,N,5,,partly cloudy
DSC06424,MCK,4,E,2.5,,partly cloudy
DSC06425,MCK,4,E,5,,partly cloudy
DSC06426,MCK,4,S,2.5,,partly cloudy
DSC06427,MCK,4,S,5,,partly cloudy
DSC06428,MCK,4,W,2.5,,partly cloudy
DSC06429,MCK,4,W,5,,partly cloudy
DSC06430,MCK,5,C,0,,partly cloudy
DSC06431,MCK,5,N,2.5,,partly cloudy
DSC06432,MCK,5,N,5,,partly cloudy
DSC06433,MCK,5,E,2.5,,partly cloudy
DSC06434,MCK,5,E,5,,partly cloudy
DSC06435,MCK,5,S,2.5,,partly cloudy
DSC06436,MCK,5,S,5,,partly cloudy
DSC06437,MCK,5,W,2.5,,partly cloudy
DSC06438,MCK,5,W,5,,partly cloudy
DSC06439,blank,blank,blank,blank,,partly cloudy
DSC06440,MCK,10,C,0,,partly cloudy
DSC06441,MCK,10,N,2.5,,partly cloudy
DSC06442,MCK,10,N,5,,partly cloudy
DSC06443,MCK,10,E,2.5,,partly cloudy
DSC06444,MCK,10,E,5,,partly cloudy
DSC06445,MCK,10,S,2.5,,partly cloudy
DSC06446,MCK,10,S,5,,partly cloudy
DSC06447,MCK,10,W,2.5,,clear
DSC06448,MCK,10,W,5,,clear
DSC06449,blank,blank,blank,blank,,clear
DSC06450,MCK,11,C,0,,clear
DSC06451,MCK,11,N,2.5,,clear
DSC06452,MCK,11,N,5,,clear
DSC06453,MCK,11,E,2.5,,clear
DSC06454,MCK,11,E,5,,clear
DSC06455,MCK,11,S,2.5,,clear
DSC06456,MCK,11,S,5,,clear
DSC06457,MCK,11,W,2.5,,clear
DSC06458,MCK,11,W,5,,clear
DSC06459,blank,blank,blank,blank,,clear
DSC06460,KC,10,C,0,,clear
DSC06461,KC,10,N,2.5,,clear
DSC06462,KC,10,N,5,,clear
DSC06463,KC,10,E,2.5,,clear
DSC06464,KC,10,E,5,,clear
DSC06465,KC,10,S,2.5,,clear
DSC06466,KC,10,S,5,,clear
DSC06467,KC,10,W,2.5,,clear
DSC06468,KC,10,W,5,,clear
DSC06469,blank,blank,blank,blank,,clear
DSC06470,KC,1,C,0,,clear
DSC06471,KC,1,N,2.5,,clear
DSC06472,KC,1,N,5,,clear
DSC06473,KC,1,E,2.5,,clear
DSC06474,KC,1,E,5,,clear
DSC06475,KC,1,S,2.5,,clear
DSC06476,KC,1,S,5,,clear
DSC06477,KC,1,W,2.5,,clear
DSC06478,KC,1,W,5,,clear
DSC06479,blank,blank,blank,blank,,clear
DSC06480,KC,2,C,0,,clear
DSC06481,KC,2,N,2.5,,clear
DSC06482,KC,2,N,5,,clear
DSC06483,KC,2,E,2.5,,clear
DSC06484,KC,2,E,5,,clear
DSC06485,KC,2,S,2.5,,clear
DSC06486,KC,2,S,5,,clear
DSC06487,KC,2,W,2.5,,clear
DSC06488,KC,2,W,5,,clear
DSC06489,blank,blank,blank,blank,,clear
DSC06490,KC,3,C,0,,clear
DSC06491,KC,3,N,2.5,,clear
DSC06492,KC,3,N,5,,clear
DSC06493,KC,3,E,2.5,,clear
DSC06494,KC,3,E,5,,clear
DSC06495,KC,3,S,2.5,,clear
DSC06496,KC,3,S,5,,clear
DSC06497,KC,3,W,2.5,,clear
DSC06498,KC,3,W,5,,clear
DSC06499,KC,4,C,0,,clear
DSC06500,KC,4,N,2.5,,clear
DSC06501,KC,4,N,5,,clear
DSC06502,KC,4,E,2.5,,clear
DSC06503,blank,blank,blank,blank,,clear
DSC06504,KC,4,E,5,,clear
DSC06505,KC,4,S,2.5,,clear
DSC06506,KC,4,S,5,,clear
DSC06507,KC,4,W,2.5,,clear
DSC06508,KC,4,W,5,,clear
DSC06509,blank,blank,blank,blank,,clear
DSC06510,KC,5,C,0,,clear
DSC06511,KC,5,N,2.5,,clear
DSC06512,KC,5,N,5,,clear
DSC06513,KC,5,E,2.5,,clear
DSC06514,KC,5,E,5,,clear
DSC06515,KC,5,S,2.5,,clear
DSC06516,KC,5,S,5,,clear
DSC06517,KC,5,W,2.5,,clear
DSC06518,KC,5,W,5,,clear
DSC06519,blank,blank,blank,blank,,clear
DSC06520,KC,6,C,0,,clear
DSC06521,KC,6,N,2.5,,clear
DSC06522,KC,6,N,5,,clear
DSC06523,KC,6,E,2.5,,clear
DSC06524,KC,6,E,5,,clear
DSC06525,KC,6,S,2.5,,clear
DSC06526,KC,6,S,5,,clear
DSC06527,KC,6,W,2.5,,clear
DSC06528,KC,6,W,5,,clear
DSC06529,blank,blank,blank,blank,,clear
DSC06530,KC,9,C,0,,clear
DSC06531,KC,9,N,2.5,,clear
DSC06532,KC,9,N,5,,clear
DSC06533,KC,9,E,2.5,,clear
DSC06534,KC,9,E,5,,clear
DSC06535,KC,9,S,2.5,,clear
DSC06536,KC,9,S,5,,clear
DSC06537,KC,9,W,2.5,,clear
DSC06538,KC,9,W,5,,clear
DSC06539,blank,blank,blank,blank,,clear
DSC06540,KC,7,C,0,,clear
DSC06541,KC,7,N,2.5,,clear
DSC06542,KC,7,N,5,,clear
DSC06543,KC,7,E,2.5,,clear
DSC06544,KC,7,E,5,,clear
DSC06545,KC,7,S,2.5,,clear
DSC06546,KC,7,S,5,,clear
DSC06547,KC,7,W,2.5,,clear
DSC06548,KC,7,W,5,,clear
DSC06549,blank,blank,blank,blank,,clear
DSC06550,KC,8,C,0,,clear
DSC06551,KC,8,N,2.5,,clear
DSC06552,KC,8,N,5,,clear
DSC06553,KC,8,E,2.5,,clear
DSC06554,KC,8,E,5,,clear
DSC06555,KC,8,S,2.5,,clear
DSC06556,KC,8,S,5,,clear
DSC06557,KC,8,W,2.5,,clear
DSC06558,KC,8,W,5,,clear
DSC06559,blank,blank,blank,blank,,clear
DSC06560,FRE,1,C,0,,clear
DSC06561,FRE,1,N,2.5,,clear
DSC06562,FRE,1,N,5,,clear
DSC06563,FRE,1,E,2.5,,clear
DSC06564,FRE,1,E,5,,clear
DSC06565,FRE,1,S,2.5,,clear
DSC06566,FRE,1,S,5,,clear
DSC06567,FRE,1,W,2.5,,clear
DSC06568,FRE,1,W,5,,clear
DSC06569,FRE,2,C,0,,clear
DSC06570,blank,blank,blank,blank,,clear
DSC06571,FRE,2,N,2.5,,clear
DSC06572,FRE,2,N,5,,clear
DSC06573,FRE,2,E,2.5,,clear
DSC06574,FRE,2,E,5,,clear
DSC06575,FRE,2,S,2.5,,clear
DSC06576,FRE,2,S,5,,clear
DSC06577,FRE,2,W,2.5,,clear
DSC06578,FRE,2,W,5,,clear
DSC06579,blank,blank,blank,blank,,clear
DSC06580,FRE,4,C,0,,clear
DSC06581,FRE,4,N,2.5,,clear
DSC06582,FRE,4,N,5,,clear
DSC06583,FRE,4,E,2.5,,clear
DSC06584,FRE,4,E,5,,clear
DSC06585,FRE,4,S,2.5,,clear
DSC06586,FRE,4,S,5,,clear
DSC06587,FRE,4,W,2.5,,clear
DSC06588,FRE,4,W,5,,clear
DSC06589,blank,blank,blank,blank,,clear
DSC06590,FRE,5,C,0,,clear
DSC06591,FRE,5,N,2.5,,clear
DSC06592,FRE,5,N,5,,clear
DSC06593,FRE,5,E,2.5,,clear
DSC06594,FRE,5,E,5,,clear
DSC06595,FRE,5,S,2.5,,clear
DSC06596,FRE,5,S,5,,clear
DSC06597,FRE,5,W,2.5,,clear
DSC06598,FRE,5,W,5,,clear
DSC06599,blank,blank,blank,blank,,clear
DSC06600,BN2,2,C,0,,clear
DSC06601,BN2,2,N,2.5,,clear
DSC06602,BN2,2,N,5,,clear
DSC06603,BN2,2,E,2.5,,clear
DSC06604,BN2,2,E,5,,clear
DSC06605,BN2,2,S,2.5,,clear
DSC06606,BN2,2,S,5,,clear
DSC06607,BN2,2,W,2.5,,clear
DSC06608,BN2,2,W,5,,clear
DSC06609,blank,blank,blank,blank,,clear
DSC06610,BN2,1,C,0,,clear
DSC06611,BN2,1,N,2.5,,clear
DSC06612,BN2,1,N,5,,clear
DSC06613,BN2,1,E,2.5,,clear
DSC06614,BN2,1,E,5,,clear
DSC06615,BN2,1,S,2.5,,clear
DSC06616,BN2,1,S,5,,clear
DSC06617,BN2,1,W,2.5,,clear
DSC06618,BN2,1,W,5,,clear
DSC06619,blank,blank,blank,blank,,clear
DSC06620,BN2,13,C,0,,clear
DSC06621,BN2,13,N,2.5,,clear
DSC06622,BN2,13,N,5,,clear
DSC06623,BN2,13,E,2.5,,clear
DSC06624,BN2,13,E,5,,clear
DSC06625,BN2,13,S,2.5,,clear
DSC06626,BN2,13,S,5,,clear
DSC06627,BN2,13,W,2.5,,clear
DSC06628,BN2,13,W,5,,clear
DSC06629,blank,blank,blank,blank,,clear
DSC06630,BN2,12,C,0,,clear
DSC06631,BN2,12,N,2.5,,clear
DSC06632,BN2,12,N,5,,clear
DSC06633,BN2,12,E,2.5,,clear
DSC06634,BN2,12,E,5,,clear
DSC06635,BN2,12,S,2.5,,clear
DSC06636,BN2,12,S,5,,clear
DSC06637,BN2,12,W,2.5,,clear
DSC06638,BN2,12,W,5,,clear
DSC06639,blank,blank,blank,blank,,clear
DSC06640,BN2,11,C,0,,clear
DSC06641,BN2,11,N,2.5,,clear
DSC06642,BN2,11,N,5,,clear
DSC06643,BN2,11,E,2.5,,clear
DSC06644,BN2,11,E,5,,clear
DSC06645,BN2,11,S,2.5,,clear
DSC06646,BN2,11,S,5,,clear
DSC06647,BN2,11,W,2.5,,clear
DSC06648,BN2,11,W,5,,clear
DSC06649,blank,blank,blank,blank,,clear
DSC06650,BN2,10,C,0,,clear
DSC06651,BN2,10,N,2.5,,clear
DSC06652,BN2,10,N,5,,clear
DSC06653,BN2,10,E,2.5,,clear
DSC06654,BN2,10,E,5,,clear
DSC06655,BN2,10,S,2.5,,clear
DSC06656,BN2,10,S,5,,clear
DSC06657,BN2,10,W,2.5,,clear
DSC06658,BN2,10,W,5,,clear
DSC06659,blank,blank,blank,blank,,clear
DSC06660,BN2,9,C,0,,clear
DSC06661,BN2,9,N,2.5,,clear
DSC06662,BN2,9,N,5,,clear
DSC06663,BN2,9,E,2.5,,clear
DSC06664,BN2,9,E,5,,clear
DSC06665,BN2,9,S,2.5,,clear
DSC06666,BN2,9,S,5,,clear
DSC06667,BN2,9,W,2.5,,clear
DSC06668,BN2,9,W,5,,clear
DSC06669,blank,blank,blank,blank,,clear
DSC06670,BN2,8,C,0,,clear
DSC06671,BN2,8,N,2.5,,clear
DSC06672,BN2,8,N,5,,clear
DSC06673,BN2,8,E,2.5,,clear
DSC06674,BN2,8,E,5,,clear
DSC06675,BN2,8,S,2.5,,clear
DSC06676,BN2,8,S,5,,clear
DSC06677,BN2,8,W,2.5,,clear
DSC06678,BN2,8,W,5,,clear
DSC06679,blank,blank,blank,blank,,clear
DSC06680,BN2,6,C,0,,clear
DSC06681,BN2,6,N,2.5,,clear
DSC06682,BN2,6,N,5,,clear
DSC06683,BN2,6,E,2.5,,clear
DSC06684,BN2,6,E,5,,clear
DSC06685,BN2,6,S,2.5,,clear
DSC06686,BN2,6,S,5,,clear
DSC06687,BN2,6,W,2.5,,clear
DSC06688,BN2,6,W,5,,clear
DSC06689,blank,blank,blank,blank,,clear
DSC06690,BN2,7,C,0,,clear
DSC06691,BN2,7,N,2.5,,clear
DSC06692,BN2,7,N,5,,clear
DSC06693,BN2,7,E,2.5,,clear
DSC06694,BN2,7,E,5,,clear
DSC06695,BN2,7,S,2.5,,clear
DSC06696,BN2,7,S,5,,clear
DSC06697,BN2,7,W,2.5,,clear
DSC06698,BN2,7,W,5,,clear
DSC06699,blank,blank,blank,blank,,clear
DSC06700,BN2,5,C,0,,clear
DSC06701,BN2,5,N,2.5,,clear
DSC06702,BN2,5,N,5,,clear
DSC06703,BN2,5,E,2.5,,clear
DSC06704,BN2,5,E,5,,clear
DSC06705,BN2,5,S,2.5,,clear
DSC06706,BN2,5,S,5,,clear
DSC06707,BN2,5,W,2.5,,clear
DSC06708,BN2,5,W,5,,clear
DSC06709,BN2,4,C,0,,clear
DSC06710,BN2,4,N,2.5,,clear
DSC06711,BN2,4,N,5,,clear
DSC06712,BN2,4,E,2.5,,clear
DSC06713,BN2,4,E,5,,clear
DSC06714,BN2,4,S,2.5,,clear
DSC06715,BN2,4,S,5,,clear
DSC06716,BN2,4,W,2.5,,clear
DSC06717,BN2,4,W,5,,clear
DSC06718,blank,blank,blank,blank,,clear
DSC06719,BN2,3,C,0,,clear
DSC06720,BN2,3,N,2.5,,clear
DSC06721,BN2,3,N,5,,clear
DSC06722,BN2,3,E,2.5,,clear
DSC06723,BN2,3,E,5,,clear
DSC06724,BN2,3,S,2.5,,clear
DSC06725,BN2,3,S,5,,clear
DSC06726,BN2,3,W,2.5,,clear
DSC06727,BN2,3,W,5,,clear
DSC06728,blank,blank,blank,blank,,clear
DSC06729,YU2,1,C,0,,clear
DSC06730,YU2,1,N,2.5,,clear
DSC06731,YU2,1,N,5,,clear
DSC06732,YU2,1,E,2.5,,clear
DSC06733,YU2,1,E,5,,clear
DSC06734,YU2,1,S,2.5,,clear
DSC06735,YU2,1,S,5,,clear
DSC06736,YU2,1,W,2.5,,clear
DSC06737,YU2,1,W,5,,clear
DSC06738,blank,blank,blank,blank,,clear
DSC06739,YU2,2,C,0,,clear
DSC06740,YU2,2,N,2.5,,clear
DSC06741,YU2,2,N,5,,clear
DSC06742,YU2,2,E,2.5,,clear
DSC06743,YU2,2,E,5,,clear
DSC06744,YU2,2,S,2.5,,clear
DSC06745,YU2,2,S,5,,clear
DSC06746,YU2,2,W,2.5,,clear
DSC06747,YU2,2,W,5,,clear
DSC06748,blank,blank,blank,blank,,clear
DSC06749,YU2,3,C,0,,clear
DSC06750,YU2,3,N,2.5,,clear
DSC06751,YU2,3,N,5,,clear
DSC06752,YU2,3,E,2.5,,clear
DSC06753,YU2,3,E,5,,clear
DSC06754,YU2,3,S,2.5,,clear
DSC06755,YU2,3,S,5,,clear
DSC06756,YU2,3,W,2.5,,clear
DSC06757,YU2,3,W,5,,clear
DSC06758,blank,blank,blank,blank,,clear
DSC06759,YU2,4,C,0,,clear
DSC06760,YU2,4,N,2.5,,clear
DSC06761,YU2,4,N,5,,clear
DSC06762,YU2,4,E,2.5,,clear
DSC06763,YU2,4,E,5,,clear
DSC06764,YU2,4,S,2.5,,clear
DSC06765,YU2,4,S,5,,clear
DSC06766,YU2,4,W,2.5,,clear
DSC06767,YU2,4,W,5,,clear
DSC06768,blank,blank,blank,blank,,clear
DSC06769,YU2,5,C,0,,clear
DSC06770,YU2,5,N,2.5,,clear
DSC06771,YU2,5,N,5,,clear
DSC06772,YU2,5,E,2.5,,clear
DSC06773,YU2,5,E,5,,clear
DSC06774,YU2,5,S,2.5,,clear
DSC06775,YU2,5,S,5,,clear
DSC06776,YU2,5,W,2.5,,clear
DSC06777,YU2,5,W,5,,clear
DSC06778,blank,blank,blank,blank,,clear
DSC06779,YU2,6,C,0,,clear
DSC06780,YU2,6,N,2.5,,clear
DSC06781,YU2,6,N,5,,clear
DSC06782,YU2,6,E,2.5,,clear
DSC06783,YU2,6,E,5,,clear
DSC06784,YU2,6,S,2.5,,clear
DSC06785,YU2,6,S,5,,clear
DSC06786,YU2,6,W,2.5,,clear
DSC06787,YU2,6,W,5,,clear
DSC06788,blank,blank,blank,blank,,clear
DSC06789,YU,1,C,0,,clear
DSC06790,YU,1,N,2.5,,clear
DSC06791,YU,1,N,5,,clear
DSC06792,YU,1,E,2.5,,clear
DSC06793,YU,1,E,5,,clear
DSC06794,YU,1,S,2.5,,clear
DSC06795,YU,1,S,5,,clear
DSC06796,YU,1,W,2.5,,clear
DSC06797,YU,1,W,5,,clear
DSC06798,YU,2,C,0,,clear
DSC06799,YU,2,N,2.5,,clear
DSC06800,YU,2,N,5,,clear
DSC06801,YU,2,E,2.5,,clear
DSC06802,YU,2,E,5,,clear
DSC06803,YU,2,S,2.5,,clear
DSC06804,YU,2,S,5,,clear
DSC06805,YU,2,W,2.5,,clear
DSC06806,YU,2,W,5,,clear
DSC06807,blank,blank,blank,blank,,clear
DSC06808,YU,3,C,0,,clear
DSC06809,YU,3,N,2.5,,clear
DSC06810,YU,3,N,5,,clear
DSC06811,YU,3,E,2.5,,clear
DSC06812,YU,3,E,5,,clear
DSC06813,YU,3,S,2.5,,clear
DSC06814,YU,3,S,5,,clear
DSC06815,YU,3,W,2.5,,clear
DSC06816,YU,3,W,5,,clear
DSC06817,blank,blank,blank,blank,,clear
DSC06818,blank,blank,blank,blank,,clear
DSC06819,YU,4,C,0,,clear
DSC06820,YU,4,N,2.5,,clear
DSC06821,YU,4,N,5,,clear
DSC06822,YU,4,E,2.5,,clear
DSC06823,YU,4,E,5,,clear
DSC06824,YU,4,S,2.5,,clear
DSC06825,YU,4,S,5,,clear
DSC06826,YU,4,W,2.5,,clear
DSC06827,YU,4,W,5,,clear
DSC06828,blank,blank,blank,blank,,clear
DSC06829,YU,5,C,0,,clear
DSC06830,YU,5,N,5,,clear
DSC06831,YU,5,N,2.5,,clear
DSC06832,YU,5,E,2.5,,clear
DSC06833,YU,5,E,5,,clear
DSC06834,YU,5,S,2.5,,clear
DSC06835,YU,5,S,5,,clear
DSC06836,YU,5,W,2.5,,clear
DSC06837,YU,5,W,5,,clear
DSC06838,blank,blank,blank,blank,,clear
DSC06839,MCK,12,C,0,,clear
DSC06840,MCK,12,N,2.5,,clear
DSC06841,MCK,12,N,5,,clear
DSC06842,MCK,12,E,2.5,,clear
DSC06843,MCK,12,E,5,,clear
DSC06844,MCK,12,S,2.5,,clear
DSC06845,MCK,12,S,5,,clear
DSC06846,MCK,12,W,2.5,,clear
DSC06847,MCK,12,W,5,,clear
DSC06848,blank,blank,blank,blank,,clear
DSC06849,MCK,13,C,0,,clear
DSC06850,MCK,13,N,2.5,,clear
DSC06851,MCK,13,N,5,,clear
DSC06852,MCK,13,E,2.5,,clear
DSC06853,MCK,13,E,5,,clear
DSC06854,MCK,13,S,2.5,,clear
DSC06855,MCK,13,S,5,,clear
DSC06856,MCK,13,W,2.5,,clear
DSC06857,MCK,13,W,5,,clear
DSC06858,MCK,7,C,0,,clear
DSC06859,MCK,7,N,2.5,,clear
DSC06860,MCK,7,N,5,,clear
DSC06861,MCK,7,E,2.5,,clear
DSC06862,MCK,7,E,5,,clear
DSC06863,MCK,7,S,2.5,,clear
DSC06864,MCK,7,S,5,,clear
DSC06865,MCK,7,W,2.5,,clear
DSC06866,MCK,7,W,5,,clear
DSC06867,blank,blank,blank,blank,,clear
DSC06868,MCK,8,C,0,,clear
DSC06869,MCK,8,N,2.5,,clear
DSC06870,MCK,8,N,5,,clear
DSC06871,MCK,8,E,2.5,,clear
DSC06872,MCK,8,E,5,,clear
DSC06873,MCK,8,S,2.5,,clear
DSC06874,MCK,8,S,5,,clear
DSC06875,MCK,8,W,2.5,,clear
DSC06876,MCK,8,W,5,,clear
DSC06877,blank,blank,blank,blank,,clear
DSC06878,MCK,9,C,0,,clear
DSC06879,MCK,9,N,2.5,,clear
DSC06880,MCK,9,N,5,,clear
DSC06881,MCK,9,E,2.5,,clear
DSC06882,MCK,9,E,5,,clear
DSC06883,MCK,9,S,2.5,,clear
DSC06884,MCK,9,S,5,,clear
DSC06885,MCK,9,W,2.5,,clear
DSC06886,MCK,9,W,5,,clear
DSC06887,blank,blank,blank,blank,,clear
DSC06888,FRE,12,C,0,,clear
DSC06889,FRE,12,N,2.5,,clear
DSC06890,FRE,12,N,5,,clear
DSC06891,FRE,12,E,2.5,,clear
DSC06892,FRE,12,E,5,,clear
DSC06893,FRE,12,S,2.5,,clear
DSC06894,FRE,12,S,5,,clear
DSC06895,FRE,12,W,2.5,,clear
DSC06896,FRE,12,W,5,,clear
DSC06897,blank,blank,blank,blank,,clear
DSC06898,FRE,3,C,0,,clear
DSC06899,FRE,3,N,2.5,,clear
DSC06900,FRE,3,N,5,,clear
DSC06901,blank,blank,blank,blank,,clear
DSC06902,FRE,3,E,2.5,,clear
DSC06903,FRE,3,E,5,,clear
DSC06904,FRE,3,S,2.5,,clear
DSC06905,FRE,3,S,5,,clear
DSC06906,FRE,3,W,2.5,,clear
DSC06907,FRE,3,W,5,,clear
DSC06908,blank,blank,blank,blank,,clear
DSC06909,FRE,7,C,0,,clear
DSC06910,FRE,7,N,2.5,,clear
DSC06911,FRE,7,N,5,,clear
DSC06912,FRE,7,E,2.5,,clear
DSC06913,FRE,7,E,5,,clear
DSC06914,FRE,7,S,2.5,,clear
DSC06915,FRE,7,S,5,,clear
DSC06916,FRE,7,W,2.5,,clear
DSC06917,FRE,7,W,5,,clear
DSC06918,blank,blank,blank,blank,,clear
DSC06919,FRE,6,C,0,,clear
DSC06920,FRE,6,N,2.5,,clear
DSC06921,FRE,6,N,5,,clear
DSC06922,FRE,6,E,2.5,,clear
DSC06923,FRE,6,E,5,,clear
DSC06924,FRE,6,S,2.5,,clear
DSC06925,FRE,6,S,5,,clear
DSC06926,FRE,6,W,2.5,,clear
DSC06927,FRE,6,W,5,,clear
DSC06928,blank,blank,blank,blank,,clear
DSC06929,FRE,9,C,0,,clear
DSC06930,FRE,9,N,2.5,,clear
DSC06931,FRE,9,N,5,,clear
DSC06932,FRE,9,E,2.5,,clear
DSC06933,FRE,9,E,5,,clear
DSC06934,FRE,9,S,2.5,,clear
DSC06935,FRE,9,S,5,,clear
DSC06936,FRE,9,W,2.5,,clear
DSC06937,FRE,9,W,5,,clear
DSC06938,blank,blank,blank,blank,,clear
DSC06939,FRE,10,C,0,,clear
DSC06940,FRE,10,N,2.5,,clear
DSC06941,FRE,10,N,5,,clear
DSC06942,FRE,10,E,2.5,,clear
DSC06943,FRE,10,E,5,,clear
DSC06944,FRE,10,S,2.5,,clear
DSC06945,FRE,10,S,5,,clear
DSC06946,FRE,10,W,2.5,,clear
DSC06947,FRE,10,W,5,,clear
DSC06948,blank,blank,blank,blank,,clear
DSC06949,FRE,11,C,0,,clear
DSC06950,FRE,11,N,2.5,,clear
DSC06951,FRE,11,N,5,,clear
DSC06952,FRE,11,E,2.5,,clear
DSC06953,FRE,11,E,5,,clear
DSC06954,FRE,11,S,2.5,,clear
DSC06955,FRE,11,S,5,,clear
DSC06956,FRE,11,W,2.5,,clear
DSC06957,FRE,11,W,5,,clear
DSC06958,blank,blank,blank,blank,,clear
DSC06959,FRE,8,C,0,,clear
DSC06960,FRE,8,N,2.5,,clear
DSC06961,FRE,8,N,5,,clear
DSC06962,FRE,8,E,2.5,,clear
DSC06963,FRE,8,E,5,,clear
DSC06964,FRE,8,S,2.5,,clear
DSC06965,FRE,8,S,5,,clear
DSC06966,FRE,8,W,2.5,,clear
DSC06967,FRE,8,W,5,,clear
DSC06968,blank,blank,blank,blank,,clear
DSC06969,FRW,4,C,0,,clear
DSC06970,FRW,4,N,2.5,,clear
DSC06971,FRW,4,N,5,,clear
DSC06972,FRW,4,E,2.5,,clear
DSC06973,FRW,4,E,5,,clear
DSC06974,FRW,4,S,2.5,,clear
DSC06975,FRW,4,S,5,,clear
DSC06976,FRW,4,W,2.5,,clear
DSC06977,FRW,4,W,5,,clear
DSC06978,blank,blank,blank,blank,,clear
DSC06979,FRW,1,C,0,,clear
DSC06980,FRW,1,N,2.5,,clear
DSC06981,FRW,1,N,5,,clear
DSC06982,FRW,1,E,2.5,,clear
DSC06983,FRW,1,E,5,,clear
DSC06984,FRW,1,S,2.5,,clear
DSC06985,FRW,1,S,5,,clear
DSC06986,FRW,1,W,2.5,,clear
DSC06987,FRW,1,W,5,,clear
DSC06988,blank,blank,blank,blank,,clear
DSC06989,FRW,2,C,0,,clear
DSC06990,FRW,2,N,2.5,,clear
DSC06991,FRW,2,N,5,,clear
DSC06992,FRW,2,E,2.5,,clear
DSC06993,FRW,2,E,5,,clear
DSC06994,FRW,2,S,2.5,,clear
DSC06995,FRW,2,S,5,,clear
DSC06996,FRW,2,W,2.5,,clear
DSC06997,FRW,2,W,5,,clear
DSC06998,blank,blank,blank,blank,,clear
DSC06999,FRW,3,C,0,,clear
DSC07000,FRW,3,N,2.5,,clear
DSC07001,FRW,3,N,5,,clear
DSC07002,FRW,3,E,2.5,,clear
DSC07003,FRW,3,E,5,,clear
DSC07004,FRW,3,S,2.5,,clear
DSC07005,FRW,3,S,5,,clear
DSC07006,FRW,3,W,2.5,,clear
DSC07007,FRW,3,W,5,,clear
DSC07008,blank,blank,blank,blank,,clear
DSC07009,FRW,7,C,0,,clear
DSC07010,FRW,7,N,2.5,,clear
DSC07011,FRW,7,N,5,,clear
DSC07012,FRW,7,E,2.5,,clear
DSC07013,FRW,7,E,5,,clear
DSC07014,FRW,7,S,2.5,,clear
DSC07015,FRW,7,S,5,,clear
DSC07016,FRW,7,W,2.5,,clear
DSC07017,FRW,7,W,5,,clear
FREL1_August_22,FRE,1,C,0,,
FREL10_August_22,FRE,10,C,0,,
FREL11_August_22,FRE,11,C,0,,
FREL12_August_22,FRE,12,C,0,,
FREL2_August_22,FRE,2,C,0,,
FREL3_August_22,FRE,3,C,0,,
FREL4_August_22,FRE,4,C,0,,
FREL5_August_22,FRE,5,C,0,,
FREL6_August_22,FRE,6,C,0,,
FREL7_August_22,FRE,7,C,0,,
FREL8_August_22,FRE,8,C,0,,
FREL9_August_22,FRE,9,C,0,,
FRSL1_August_22,FRS,1,C,0,,
FRSL1A 10-12-21,FRS,1,C,0,,
FRSL2_August_22,FRS,2,C,0,,
FRSL2A 10-12-21,FRS,2,C,0,,
FRSL3_August_22,FRS,3,C,0,,
FRSL3A 10-12-21,FRS,3,C,0,,
FRSL4_August_22,FRS,4,C,0,,
FRSL4A 10-12-21,FRS,4,C,0,,
FRSL5_August_22,FRS,5,C,0,,
FRSL5A 10-12-21,FRS,5,C,0,,
FRSL6_August_22,FRS,6,C,0,,
FRSL6A 10-12-21,FRS,6,C,0,,
FRWL1_August_22,FRW,1,C,0,,
FRWL10_August_22,FRW,10,C,0,,
FRWL11_August_22,FRW,11,C,0,,
FRWL12_August_22,FRW,12,C,0,,
FRWL2_August_22,FRW,2,C,0,,
FRWL3_August_22,FRW,3,C,0,,
FRWL4_August_22,FRW,4,C,0,,
FRWL5_August_22,FRW,5,C,0,,
FRWL6 (2)_August_22,FRW,6,C,0,,
FRWL6_August_22,FRW,6,C,0,,
FRWL7_August_22,FRW,7,C,0,,
FRWL8_August_22,FRW,8,C,0,,
FRWL9_August_22,FRW,9,C,0,,
HCL1_August_22,HC,1,C,0,,
HCL2_August_22,HC,2,C,0,,
HCL3_August_22,HC,3,C,0,,
HCL4_August_22,HC,4,C,0,,
HCL4A_March_22,HC,4,C,0,,
HCL5_August_22,HC,5,C,0,,
HCL5A_March_22,HC,5,C,0,,
HCL6_August_22,HC,6,C,0,,
HDEL1_August_22,HDE,1,C,0,,
HDEL2_August_22,HDE,2,C,0,,
HDEL3_August_22,HDE,3,C,0,,
HDEL4_August_22,HDE,4,C,0,,
HDL1_August_22,HD,1,C,0,,
HDL10_August_22,HD,10,C,0,,
HDL10A 9-12-21,HD,10,C,0,,
HDL10A_March_22,HD,10,C,0,,
HDL11_August_22,HD,11,C,0,,
HDL11A 9-12-21,HD,11,C,0,,
HDL12_August_22,HD,12,C,0,,
HDL13_August_22,HD,13,C,0,,
HDL13A 9-12-21,HD,13,C,0,,
HDL1A 9-12-21,HD,1,C,0,,
HDL2_August_22,HD,2,C,0,,
HDL2A 9-12-21,HD,2,C,0,,
HDL3_August_22,HD,3,C,0,,
HDL3A 9-12-21,HD,3,C,0,,
HDL4_August_22,HD,4,C,0,,
HDL4A 9-12-21,HD,4,C,0,,
HDL5_August_22,HD,5,C,0,,
HDL5A 9-12-21,HD,5,C,0,,
HDL6_August_22,HD,6,C,0,,
HDL6A 9-12-21,HD,6,C,0,,
HDL7_August_22,HD,7,C,0,,
HDL7A 8-12-21,HD,7,C,0,,
HDL8_August_22,HD,8,C,0,,
HDL8A 9-12-21,HD,8,C,0,,
HDL9_August_22,HD,9,C,0,,
HDL9A 9-12-21,HD,9,C,0,,
HDTL1_August_22,HDT,1,C,0,,
HDTL1A 9-12-21,HDT,1,C,0,,
HDTL2_August_22,HDT,2,C,0,,
HDTL2A 9-12-21,HDT,2,C,0,,
HDTL3_August_22,HDT,3,C,0,,
HDTL3A 9-12-21,HDT,3,C,0,,
HDTL4_August_22,HDT,4,C,0,,
HDTL4A 9-12-21,HDT,4,C,0,,
HDTL5_August_22,HDT,5,C,0,,
HDTL5A 9-12-21,HDT,5,C,0,,
HDWWL1_August_22,HDWW,1,C,0,,
HDWWL2_August_22,HDWW,2,C,0,,
HDWWL3_August_22,HDWW,3,C,0,,
HDWWL4_August_22,HDWW,4,C,0,,
HDWWL5_August_22,HDWW,5,C,0,,
HDWWL6_August_22,HDWW,6,C,0,,
HDWWL7_August_22,HDWW,7,C,0,,
HDWWL8_August_22,HDWW,8,C,0,,
JDL1_August_22,JD,1,C,0,,
JDL2_August_22,JD,2,C,0,,
JDL2A_March_22,JD,2,C,0,,
JDL3_August_22,JD,3,C,0,,
JDL3A_March_22,JD,3,C,0,,
JDL4_August_22,JD,4,C,0,,
JDL4A_March_22,JD,4,C,0,,
KCL1_August_22,KC,10,C,0,,
KCL10_August_22,KC,10,C,0,,
KCL2_August_22,KC,2,C,0,,
KCL3_August_22,KC,3,C,0,,
KCL4_August_22,KC,4,C,0,,
KCL5_August_22,KC,5,C,0,,
KCL6_August_22,KC,6,C,0,,
KCL7_August_22,KC,7,C,0,,
KCL8_August_22,KC,8,C,0,,
KCL9_August_22,KC,9,C,0,,
MCK2L1_August_22,MCK2,1,C,0,,
MCK2L1A_March_22,MCK2,1,C,0,,
MCK2L2_August_22,MCK2,2,C,0,,
MCK2L2A_March_22,MCK2,2,C,0,,
MCK2L3_August_22,MCK2,3,C,0,,
MCK2L3A_March_22,MCK2,3,C,0,,
MCK2L4_August_22,MCK2,4,C,0,,
MCK2L4A_March_22,MCK2,4,C,0,,
MCK2L5(2)_August_22,MCK2,5,C,0,,
MCK2L5_August_22,MCK2,5,C,0,,
MCK2L5A_March_22,MCK2,5,C,0,,
MCK2L6_August_22,MCK2,6,C,0,,
MCK2L6A_March_22,MCK2,6,C,0,,
MCKL10A_March_22,MCK,10,C,0,,
MCKL11A_March_22,MCK,11,C,0,,
MCKL12A 8-12-21,MCK,12,C,0,,
MCKL12A_March_22,MCK,12,C,0,,
MCKL13A_March_22,MCK,13,C,0,,
MCKL1A_March_22,MCK,1,C,0,,
MCKL2A_March_22,MCK,2,C,0,,
MCKL3A_March_22,MCK,3,C,0,,
MCKL4A_March_22,MCK,4,C,0,,
MCKL5A_March_22,MCK,5,C,0,,
MCKL6A_March_22,MCK,6,C,0,,
MCKL7A_March_22,MCK,7,C,0,,
MCKL8A_March_22,MCK,8,C,0,,
MCKL9A_March_22,MCK,9,C,0,,
MSL1_August_22,MS,1,C,0,,
MSL10_August_22,MS,10,C,0,,
MSL10A_March_22,MS,10,C,0,,
MSL1A_March_22,MS,1,C,0,,
MSL2_August_22,MS,2,C,0,,
MSL2A 6-12-21,MS,2,C,0,,
MSL2A_March_22,MS,2,C,0,,
MSL3_August_22,MS,3,C,0,,
MSL3A_March_22,MS,3,C,0,,
MSL4_August_22,MS,4,C,0,,
MSL4A_March_22,MS,4,C,0,,
MSL5_August_22,MS,5,C,0,,
MSL5A_March_22,MS,5,C,0,,
MSL6_August_22,MS,6,C,0,,
MSL6A_March_22,MS,6,C,0,,
MSL7_August_22,MS,7,C,0,,
MSL7A_March_22,MS,7,C,0,,
MSL8_August_22,MS,8,C,0,,
MSL8A_March_22,MS,8,C,0,,
MSL9_August_22,MS,9,C,0,,
PMCL1_August_22,PMC,1,C,0,,
PMCL1A 10-12-21,PMC,1,C,0,,
PMCL1A_March_22,PMC,1,C,0,,
PMCL2_August_22,PMC,2,C,0,,
PMCL2A 10-12-21,PMC,2,C,0,,
PMCL2A_March_22,PMC,2,C,0,,
PMCL3_August_22,PMC,3,C,0,,
PMCL3A 10-12-21,PMC,3,C,0,,
PMCL3A_March_22,PMC,3,C,0,,
PMCL4_August_22,PMC,4,C,0,,
PMCL4A 10-12-21,PMC,4,C,0,,
PMCL4A_March_22,PMC,4,C,0,,
PMCL5_August_22,PMC,5,C,0,,
PMCL5A 10-12-21,PMC,5,C,0,,
PMCL5A_March_22,PMC,5,C,0,,
PMCL6_August_22,PMC,6,C,0,,
PMCL6A 10-12-21,PMC,6,C,0,,
PMCL6A_March_22,PMC,6,C,0,,
PMCL7_August_22,PMC,7,C,0,,
PMCL7A 10-12-21,PMC,7,C,0,,
PMCL7A_March_22,PMC,7,C,0,,
PMCL8_August_22,PMC,8,C,0,,
PMCL8A 10-12-21,PMC,8,C,0,,
PMCL8A_March_22,PMC,8,C,0,,
PMCUL1 10-12-21,PMCU,1,C,0,,
PMCUL1_August_22,PMCU,1,C,0,,
PMCUL2A 10-12-21,PMCU,2,C,0,,
PMCUL3A 10-12-21,PMCU,3,C,0,,
PMCUL4A 10-12-21,PMCU,4,C,0,,
PMCUL5A 10-12-21,PMCU,5,C,0,,
WWSCL1_August_22,WWSC,1,C,0,,
WWSCL1A 9-12-21,WWSC,1,C,0,,
WWSCL1A_March_22,WWSC,1,C,0,,
WWSCL2_August_22,WWSC,2,C,0,,
WWSCL2A 9-12-21,WWSC,2,C,0,,
WWSCL2A_March_22,WWSC,2,C,0,,
WWSCL3_August_22,WWSC,3,C,0,,
WWSCL3A 9-12-21,WWSC,3,C,0,,
WWSCL3A_March_22,WWSC,3,C,0,,
WWSCL4_August_22,WWSC,4,C,0,,
WWSCL4A 9-12-21,WWSC,4,C,0,,
WWSCL5_August_22,WWSC,5,C,0,,
WWSCL5A 9-12-21,WWSC,5,C,0,,
WWSCL5A_March_22,WWSC,5,C,0,,
WWT1L1_August_22,WWT1,1,C,0,,
WWT1L1A_March_22,WWT1,1,C,0,,
WWT1L2_August_22,WWT1,2,C,0,,
WWT1L2A 9-12-21,WWT1,2,C,0,,
WWT1L2A_March_22,WWT1,2,C,0,,
WWT1L3_August_22,WWT1,3,C,0,,
WWT1L3A 9-12-21,WWT1,3,C,0,,
WWT1L3A_March_22,WWT1,3,C,0,,
WWT1L4_August_22,WWT1,4,C,0,,
WWT1L4A 9-12-21,WWT1,4,C,0,,
WWT1L5_August_22,WWT1,5,C,0,,
WWT1L5A 9-12-21,WWT1,5,C,0,,
WWT1L6_August_22,WWT1,6,C,0,,
WWT1L6A 9-12-21,WWT1,6,C,0,,
WWT1L7_August_22,WWT1,7,C,0,,
WWT1L7A 9-12-21,WWT1,7,C,0,,
WWT1L7A_March_22,WWT1,7,C,0,,
WWT1L8_August_22,WWT1,8,C,0,,
WWT1L8A 9-12-21,WWT1,8,C,0,,
WWT1L8A_March_22,WWT1,8,C,0,,
WWT1L9_August_22,WWT1,9,C,0,,
WWT1L9A 9-12-21,WWT1,9,C,0,,
WWT1L9A_March_22,WWT1,9,C,0,,
WWTL1A 9-12-21,WWT1,1,C,0,,
YU2L1_August_22,YU2,1,C,0,,
YU2L1A 8-12-21,YU2,1,C,0,,
YU2L1A_March_22,YU2,1,C,0,,
YU2L2_August_22,YU2,2,C,0,,
YU2L2A 8-12-21,YU2,2,C,0,,
YU2L2A_March_22,YU2,2,C,0,,
YU2L3_August_22,YU2,3,C,0,,
YU2L3A 8-12-21,YU2,3,C,0,,
YU2L3A_March_22,YU2,3,C,0,,
YU2L4_August_22,YU2,4,C,0,,
YU2L4A 8-12-21,YU2,4,C,0,,
YU2L4A_March_22,YU2,4,C,0,,
YU2L5_August_22,YU2,5,C,0,,
YU2L5A 8-12-21,YU2,5,C,0,,
YU2L5A_March_22,YU2,5,C,0,,
YU2L6_August_22,YU2,6,C,0,,
YU2L6A 8-12-21,YU2,6,C,0,,
YU2L6A_March_22,YU2,6,C,0,,
YUL1_August_22,YU,1,C,0,,
YUL1A 8-12-21,YU,1,C,0,,
YUL2_August_22,YU,2,C,0,,
YUL2A 8-12-21,YU,2,C,0,,
YUL3_August_22,YU,3,C,0,,
YUL3A 8-12-21,YU,3,C,0,,
YUL4_August_22,YU,4,C,0,,
YUL4A 8-12-21,YU,4,C,0,,
YUL5_August_22,YU,5,C,0,,
YUL5A 8-12-21,YU,5,C,0,,
